,loss,label,start
0,0.2564160227775574,0,2023-07-13 14:25:00
1,0.17984521389007568,0,2023-07-13 14:40:00
2,0.0996072068810463,0,2023-07-13 14:55:00
3,-1.0618938207626343,0,2023-07-13 15:10:00
4,-0.8718302845954895,0,2023-07-13 15:25:00
5,-1.1202423572540283,0,2023-07-13 15:40:00
6,-1.2854259014129639,0,2023-07-13 15:55:00
7,-1.2254763841629028,0,2023-07-13 16:10:00
8,-1.131654977798462,0,2023-07-13 16:25:00
9,-1.3596978187561035,0,2023-07-13 16:40:00
10,-1.320363998413086,0,2023-07-13 16:55:00
11,-1.3019704818725586,0,2023-07-13 17:10:00
12,-1.2764710187911987,0,2023-07-13 17:25:00
13,-1.1339311599731445,0,2023-07-13 17:40:00
14,-1.1512995958328247,0,2023-07-13 17:55:00
15,-1.187727451324463,0,2023-07-13 18:10:00
16,-1.160445213317871,0,2023-07-13 18:25:00
17,-1.0330017805099487,0,2023-07-13 18:40:00
18,-1.1588071584701538,0,2023-07-13 18:55:00
19,-0.9978809356689453,0,2023-07-13 19:10:00
20,-0.43160903453826904,0,2023-07-13 19:25:00
21,0.5043741464614868,0,2023-07-13 19:40:00
22,0.6195895671844482,0,2023-07-13 19:55:00
23,0.5055161714553833,0,2023-07-13 20:10:00
24,-0.02638944610953331,0,2023-07-13 20:25:00
25,0.19942064583301544,0,2023-07-13 20:40:00
26,0.5306236743927002,0,2023-07-13 20:55:00
27,0.053966209292411804,0,2023-07-13 21:10:00
28,0.5560741424560547,0,2023-07-13 21:25:00
29,0.5982325077056885,0,2023-07-13 21:40:00
30,0.5646514892578125,0,2023-07-13 21:55:00
31,0.647705614566803,0,2023-07-13 22:10:00
32,0.6759070158004761,0,2023-07-13 22:25:00
33,0.6620040535926819,0,2023-07-13 22:40:00
34,0.6235113739967346,0,2023-07-13 22:55:00
35,0.4860924780368805,0,2023-07-13 23:10:00
36,0.7821471691131592,0,2023-07-13 23:25:00
37,0.6061505675315857,0,2023-07-13 23:40:00
38,0.7087787985801697,0,2023-07-13 23:55:00
39,0.5167919993400574,0,2023-07-14 00:10:00
40,0.4894987940788269,0,2023-07-14 00:25:00
41,0.6288799047470093,0,2023-07-14 00:40:00
42,0.6702039241790771,0,2023-07-14 00:55:00
43,0.6870980858802795,0,2023-07-14 01:10:00
44,0.5845664143562317,0,2023-07-14 01:25:00
45,0.6102690696716309,0,2023-07-14 01:40:00
46,0.5650243163108826,0,2023-07-14 01:55:00
47,0.6891618371009827,0,2023-07-14 02:10:00
48,0.5774556994438171,0,2023-07-14 02:25:00
49,0.47243985533714294,0,2023-07-14 02:40:00
50,0.6089050769805908,0,2023-07-14 02:55:00
51,0.7033194303512573,0,2023-07-14 03:10:00
52,0.7342812418937683,0,2023-07-14 03:25:00
53,0.5167163014411926,0,2023-07-14 03:40:00
54,0.5137814879417419,0,2023-07-14 03:55:00
55,0.3225858211517334,0,2023-07-14 04:10:00
56,0.2982819378376007,0,2023-07-14 04:25:00
57,0.3146498501300812,0,2023-07-14 04:40:00
58,0.49786096811294556,0,2023-07-14 04:55:00
59,0.5511760711669922,0,2023-07-14 05:10:00
60,0.2941341996192932,0,2023-07-14 05:25:00
61,0.3257657587528229,0,2023-07-14 05:40:00
62,0.367953896522522,0,2023-07-14 05:55:00
63,0.3862254023551941,0,2023-07-14 06:10:00
64,0.48329973220825195,0,2023-07-14 06:25:00
65,0.4973054528236389,0,2023-07-14 06:40:00
66,0.5130081176757812,0,2023-07-14 06:55:00
67,0.4323800206184387,0,2023-07-14 07:10:00
68,0.632315456867218,0,2023-07-14 07:25:00
69,0.5530020594596863,0,2023-07-14 07:40:00
70,0.3601343333721161,0,2023-07-14 07:55:00
71,0.40620824694633484,0,2023-07-14 08:10:00
72,0.1016639918088913,0,2023-07-14 08:25:00
73,0.41235408186912537,0,2023-07-14 08:40:00
74,0.11646730452775955,0,2023-07-14 08:55:00
75,0.6404737234115601,0,2023-07-14 09:10:00
76,0.5452985167503357,0,2023-07-14 09:25:00
77,0.5051640868186951,0,2023-07-14 09:40:00
78,0.6627407073974609,0,2023-07-14 09:55:00
79,0.5704600214958191,0,2023-07-14 10:10:00
80,0.3933051526546478,0,2023-07-14 10:25:00
81,0.38360148668289185,0,2023-07-14 10:40:00
82,0.5799617171287537,0,2023-07-14 10:55:00
83,0.6448692679405212,0,2023-07-14 11:10:00
84,0.325175940990448,0,2023-07-14 11:25:00
85,0.29594364762306213,0,2023-07-14 11:40:00
86,0.3453252613544464,0,2023-07-14 11:55:00
87,0.16228467226028442,0,2023-07-14 12:10:00
88,0.6057360768318176,0,2023-07-14 12:25:00
89,0.5726872086524963,0,2023-07-14 12:40:00
90,0.5683829188346863,0,2023-07-14 12:55:00
91,0.41050538420677185,0,2023-07-14 13:10:00
92,0.2379339039325714,0,2023-07-14 13:25:00
93,0.5798634886741638,0,2023-07-14 13:40:00
94,0.4953257739543915,0,2023-07-14 13:55:00
95,-0.23083962500095367,0,2023-07-14 14:10:00
96,-0.782462477684021,0,2023-07-14 14:25:00
97,-0.9076341390609741,0,2023-07-14 14:40:00
98,-0.8688352108001709,0,2023-07-14 14:55:00
99,-0.948647677898407,0,2023-07-14 15:10:00
100,-1.1097872257232666,0,2023-07-14 15:25:00
101,-1.2289814949035645,0,2023-07-14 15:40:00
102,-1.200991153717041,0,2023-07-14 15:55:00
103,-1.1370936632156372,0,2023-07-14 16:10:00
104,-1.1618770360946655,0,2023-07-14 16:25:00
105,-1.1393311023712158,0,2023-07-14 16:40:00
106,-1.1414220333099365,0,2023-07-14 16:55:00
107,-1.1479737758636475,0,2023-07-14 17:10:00
108,-1.1689449548721313,0,2023-07-14 17:25:00
109,-1.154955506324768,0,2023-07-14 17:40:00
110,-1.0731648206710815,0,2023-07-14 17:55:00
111,-1.0560194253921509,0,2023-07-14 18:10:00
112,-0.9607256650924683,0,2023-07-14 18:25:00
113,-0.9015756845474243,0,2023-07-14 18:40:00
114,-1.026118278503418,0,2023-07-14 18:55:00
115,-0.6521474719047546,0,2023-07-14 19:10:00
116,-0.1924755573272705,0,2023-07-14 19:25:00
117,0.6516957879066467,0,2023-07-14 19:40:00
118,0.6641752123832703,0,2023-07-14 19:55:00
119,0.4643268585205078,0,2023-07-14 20:10:00
120,0.5623408555984497,0,2023-07-14 20:25:00
121,0.3557114005088806,0,2023-07-14 20:40:00
122,0.7330005764961243,0,2023-07-14 20:55:00
123,0.6464280486106873,0,2023-07-14 21:10:00
124,0.5353769063949585,0,2023-07-14 21:25:00
125,0.27526959776878357,0,2023-07-14 21:40:00
126,0.5633705854415894,0,2023-07-14 21:55:00
127,0.45373791456222534,0,2023-07-14 22:10:00
128,0.6846900582313538,0,2023-07-14 22:25:00
129,0.6793609857559204,0,2023-07-14 22:40:00
130,0.5864854454994202,0,2023-07-14 22:55:00
131,0.4568157196044922,0,2023-07-14 23:10:00
132,0.5939810872077942,0,2023-07-14 23:25:00
133,0.8426198959350586,0,2023-07-14 23:40:00
134,0.6683087944984436,0,2023-07-14 23:55:00
135,0.7114281058311462,0,2023-07-15 00:10:00
136,0.5786711573600769,0,2023-07-15 00:25:00
137,0.4272167384624481,0,2023-07-15 00:40:00
138,0.5636255145072937,0,2023-07-15 00:55:00
139,0.6638599634170532,0,2023-07-15 01:10:00
140,0.7021061778068542,0,2023-07-15 01:25:00
141,0.4214491546154022,0,2023-07-15 01:40:00
142,0.4106675088405609,0,2023-07-15 01:55:00
143,0.7604181170463562,0,2023-07-15 02:10:00
144,0.5611940026283264,0,2023-07-15 02:25:00
145,0.4643789231777191,0,2023-07-15 02:40:00
146,0.5889857411384583,0,2023-07-15 02:55:00
147,0.5123689770698547,0,2023-07-15 03:10:00
148,0.7528347373008728,0,2023-07-15 03:25:00
149,0.7788512706756592,0,2023-07-15 03:40:00
150,0.7142944931983948,0,2023-07-15 03:55:00
151,0.551023006439209,0,2023-07-15 04:10:00
152,0.3629564344882965,0,2023-07-15 04:25:00
153,0.627560555934906,0,2023-07-15 04:40:00
154,0.7108962535858154,1,2023-07-15 04:55:00
155,0.5934929251670837,0,2023-07-15 05:10:00
156,0.5718125700950623,0,2023-07-15 05:25:00
157,0.6946666836738586,0,2023-07-15 05:40:00
158,0.30021339654922485,0,2023-07-15 05:55:00
159,0.46369871497154236,0,2023-07-15 06:10:00
160,0.5995118618011475,0,2023-07-15 06:25:00
161,0.19334448873996735,0,2023-07-15 06:40:00
162,0.2998269498348236,0,2023-07-15 06:55:00
163,0.13951566815376282,0,2023-07-15 07:10:00
164,-0.1877260059118271,0,2023-07-15 07:25:00
165,-0.2902311086654663,0,2023-07-15 07:40:00
166,0.6814440488815308,0,2023-07-15 07:55:00
167,0.37666207551956177,0,2023-07-15 08:10:00
168,0.3815611004829407,0,2023-07-15 08:25:00
169,0.6612757444381714,0,2023-07-15 08:40:00
170,-0.06231900304555893,0,2023-07-15 08:55:00
171,-0.8287129998207092,0,2023-07-15 09:10:00
172,-0.531616747379303,0,2023-07-15 09:25:00
173,-0.22666890919208527,0,2023-07-15 09:40:00
174,0.36431580781936646,0,2023-07-15 09:55:00
175,0.2501387894153595,0,2023-07-15 10:10:00
176,0.25819242000579834,0,2023-07-15 10:25:00
177,0.0458194836974144,0,2023-07-15 10:40:00
178,0.11229407787322998,0,2023-07-15 10:55:00
179,0.4443480372428894,0,2023-07-15 11:10:00
180,0.6006136536598206,0,2023-07-15 11:25:00
181,0.467072457075119,0,2023-07-15 11:40:00
182,0.04195648431777954,0,2023-07-15 11:55:00
183,0.4246880114078522,0,2023-07-15 12:10:00
184,0.4979994297027588,0,2023-07-15 12:25:00
185,0.519461989402771,0,2023-07-15 12:40:00
186,0.5701526403427124,0,2023-07-15 12:55:00
187,0.2975369989871979,0,2023-07-15 13:10:00
188,0.4514171779155731,0,2023-07-15 13:25:00
189,0.5797933340072632,0,2023-07-15 13:40:00
190,0.2850540280342102,0,2023-07-15 13:55:00
191,0.6328873634338379,0,2023-07-15 14:10:00
192,0.5621292591094971,0,2023-07-15 14:25:00
193,0.4990045130252838,0,2023-07-15 14:40:00
194,0.18104344606399536,0,2023-07-15 14:55:00
195,0.16790542006492615,0,2023-07-15 15:10:00
196,0.29911506175994873,0,2023-07-15 15:25:00
197,0.47149717807769775,0,2023-07-15 15:40:00
198,0.43431735038757324,0,2023-07-15 15:55:00
199,0.6394006609916687,0,2023-07-15 16:10:00
200,0.6965880990028381,0,2023-07-15 16:25:00
201,0.48489463329315186,0,2023-07-15 16:40:00
202,0.266665518283844,0,2023-07-15 16:55:00
203,0.6134927272796631,0,2023-07-15 17:10:00
204,0.5159858465194702,0,2023-07-15 17:25:00
205,0.5556240081787109,0,2023-07-15 17:40:00
206,0.36339035630226135,0,2023-07-15 17:55:00
207,0.538490891456604,0,2023-07-15 18:10:00
208,0.31737208366394043,0,2023-07-15 18:25:00
209,0.5063350796699524,0,2023-07-15 18:40:00
210,0.5037826299667358,0,2023-07-15 18:55:00
211,0.5942595601081848,0,2023-07-15 19:10:00
212,0.17730151116847992,0,2023-07-15 19:25:00
213,0.5885757207870483,0,2023-07-15 19:40:00
214,0.36279913783073425,0,2023-07-15 19:55:00
215,0.5402457118034363,0,2023-07-15 20:10:00
216,0.20799753069877625,0,2023-07-15 20:25:00
217,0.46697211265563965,0,2023-07-15 20:40:00
218,0.5783000588417053,0,2023-07-15 20:55:00
219,0.40721848607063293,0,2023-07-15 21:10:00
220,0.32257869839668274,0,2023-07-15 21:25:00
221,0.2823666036128998,0,2023-07-15 21:40:00
222,0.42579013109207153,0,2023-07-15 21:55:00
223,0.4263131618499756,0,2023-07-15 22:10:00
224,0.43085646629333496,0,2023-07-15 22:25:00
225,0.6479192972183228,0,2023-07-15 22:40:00
226,0.7013538479804993,0,2023-07-15 22:55:00
227,0.7402141690254211,0,2023-07-15 23:10:00
228,0.5251367092132568,0,2023-07-15 23:25:00
229,0.6281114220619202,0,2023-07-15 23:40:00
230,0.718391478061676,0,2023-07-15 23:55:00
231,0.6251419186592102,0,2023-07-16 00:10:00
232,0.6612259149551392,0,2023-07-16 00:25:00
233,0.28775230050086975,0,2023-07-16 00:40:00
234,0.6059448719024658,0,2023-07-16 00:55:00
235,0.6260397434234619,0,2023-07-16 01:10:00
236,0.4529193937778473,0,2023-07-16 01:25:00
237,0.3163061738014221,0,2023-07-16 01:40:00
238,0.35146504640579224,0,2023-07-16 01:55:00
239,0.441974401473999,0,2023-07-16 02:10:00
240,0.4658657908439636,0,2023-07-16 02:25:00
241,0.4825774133205414,0,2023-07-16 02:40:00
242,0.5566440224647522,0,2023-07-16 02:55:00
243,0.6669867634773254,0,2023-07-16 03:10:00
244,0.3100716769695282,0,2023-07-16 03:25:00
245,0.03697575628757477,0,2023-07-16 03:40:00
246,-0.17660608887672424,0,2023-07-16 03:55:00
247,0.2644234597682953,0,2023-07-16 04:10:00
248,-0.06927222013473511,0,2023-07-16 04:25:00
249,-0.020806215703487396,0,2023-07-16 04:40:00
250,0.2259114384651184,0,2023-07-16 04:55:00
251,0.6592586040496826,0,2023-07-16 05:10:00
252,0.5531670451164246,0,2023-07-16 05:25:00
253,0.6792024374008179,0,2023-07-16 05:40:00
254,0.571445882320404,0,2023-07-16 05:55:00
255,0.41247227787971497,0,2023-07-16 06:10:00
256,0.5804793834686279,0,2023-07-16 06:25:00
257,0.5433700680732727,0,2023-07-16 06:40:00
258,0.5227310061454773,0,2023-07-16 06:55:00
259,0.6450439691543579,0,2023-07-16 07:10:00
260,0.714063286781311,0,2023-07-16 07:25:00
261,0.5581045150756836,0,2023-07-16 07:40:00
262,0.36466577649116516,0,2023-07-16 07:55:00
263,0.4943123161792755,0,2023-07-16 08:10:00
264,0.4310813546180725,1,2023-07-16 08:25:00
265,0.49097874760627747,0,2023-07-16 08:40:00
266,0.4896751046180725,0,2023-07-16 08:55:00
267,0.5597259998321533,0,2023-07-16 09:10:00
268,0.6489783525466919,0,2023-07-16 09:25:00
269,0.548112154006958,0,2023-07-16 09:40:00
270,0.3370520770549774,0,2023-07-16 09:55:00
271,0.5856215357780457,0,2023-07-16 10:10:00
272,0.5926897525787354,0,2023-07-16 10:25:00
273,0.6252798438072205,0,2023-07-16 10:40:00
274,0.4799804389476776,0,2023-07-16 10:55:00
275,0.5653318166732788,0,2023-07-16 11:10:00
276,0.5682123899459839,0,2023-07-16 11:25:00
277,0.5448268055915833,0,2023-07-16 11:40:00
278,0.41355130076408386,0,2023-07-16 11:55:00
279,0.5255241990089417,0,2023-07-16 12:10:00
280,0.4063504934310913,0,2023-07-16 12:25:00
281,0.42958173155784607,0,2023-07-16 12:40:00
282,0.5374188423156738,0,2023-07-16 12:55:00
283,0.5080534815788269,0,2023-07-16 13:10:00
284,0.4878332018852234,0,2023-07-16 13:25:00
285,0.5620983242988586,0,2023-07-16 13:40:00
286,0.5085329413414001,0,2023-07-16 13:55:00
287,0.43593305349349976,0,2023-07-16 14:10:00
288,0.6452788710594177,0,2023-07-16 14:25:00
289,0.4204239845275879,0,2023-07-16 14:40:00
290,-0.016084859147667885,0,2023-07-16 14:55:00
291,0.38548776507377625,0,2023-07-16 15:10:00
292,0.6226775050163269,0,2023-07-16 15:25:00
293,0.5281850099563599,0,2023-07-16 15:40:00
294,0.6299217343330383,1,2023-07-16 15:55:00
295,0.43137022852897644,0,2023-07-16 16:10:00
296,0.49861153960227966,0,2023-07-16 16:25:00
297,0.22930772602558136,0,2023-07-16 16:40:00
298,0.28493618965148926,0,2023-07-16 16:55:00
299,0.3732602000236511,0,2023-07-16 17:10:00
300,0.23870670795440674,0,2023-07-16 17:25:00
301,0.2339959442615509,0,2023-07-16 17:40:00
302,0.426859974861145,0,2023-07-16 17:55:00
303,0.3298436105251312,0,2023-07-16 18:10:00
304,0.4525368809700012,0,2023-07-16 18:25:00
305,0.823951005935669,0,2023-07-16 18:40:00
306,0.375367134809494,0,2023-07-16 18:55:00
307,0.6054091453552246,0,2023-07-16 19:10:00
308,0.6571550965309143,0,2023-07-16 19:25:00
309,0.7135589122772217,0,2023-07-16 19:40:00
310,0.6079951524734497,0,2023-07-16 19:55:00
311,0.6922717690467834,0,2023-07-16 20:10:00
312,0.3681817650794983,0,2023-07-16 20:25:00
313,0.5594971179962158,0,2023-07-16 20:40:00
314,0.4656531512737274,0,2023-07-16 20:55:00
315,0.17913351953029633,0,2023-07-16 21:10:00
316,0.4900243580341339,0,2023-07-16 21:25:00
317,0.6501238346099854,0,2023-07-16 21:40:00
318,0.6169259548187256,0,2023-07-16 21:55:00
319,0.8083129525184631,0,2023-07-16 22:10:00
320,0.6823839545249939,0,2023-07-16 22:25:00
321,0.5069879293441772,0,2023-07-16 22:40:00
322,0.7137235403060913,0,2023-07-16 22:55:00
323,0.7513758540153503,0,2023-07-16 23:10:00
324,0.5360303521156311,0,2023-07-16 23:25:00
325,0.5416377782821655,0,2023-07-16 23:40:00
326,0.44228893518447876,0,2023-07-16 23:55:00
327,0.2710998058319092,0,2023-07-17 00:10:00
328,0.5644857287406921,0,2023-07-17 00:25:00
329,0.12723998725414276,0,2023-07-17 00:40:00
330,0.4404929578304291,0,2023-07-17 00:55:00
331,0.601203441619873,0,2023-07-17 01:10:00
332,0.526332676410675,0,2023-07-17 01:25:00
333,0.5778530240058899,0,2023-07-17 01:40:00
334,0.4161047637462616,0,2023-07-17 01:55:00
335,0.7253336310386658,0,2023-07-17 02:10:00
336,0.7250666618347168,0,2023-07-17 02:25:00
337,0.7332858443260193,0,2023-07-17 02:40:00
338,0.43062475323677063,0,2023-07-17 02:55:00
339,0.7689372301101685,0,2023-07-17 03:10:00
340,0.6499189138412476,0,2023-07-17 03:25:00
341,0.7867605686187744,0,2023-07-17 03:40:00
342,0.09253077208995819,0,2023-07-17 03:55:00
343,0.4308395981788635,0,2023-07-17 04:10:00
344,0.6954532861709595,0,2023-07-17 04:25:00
345,0.6526986956596375,0,2023-07-17 04:40:00
346,0.6456950306892395,0,2023-07-17 04:55:00
347,0.6688865423202515,0,2023-07-17 05:10:00
348,0.5875276327133179,0,2023-07-17 05:25:00
349,0.6335098147392273,0,2023-07-17 05:40:00
350,0.49509158730506897,0,2023-07-17 05:55:00
351,0.26130378246307373,0,2023-07-17 06:10:00
352,0.5045498609542847,0,2023-07-17 06:25:00
353,0.6144490838050842,0,2023-07-17 06:40:00
354,0.4636683166027069,0,2023-07-17 06:55:00
355,0.5557655096054077,0,2023-07-17 07:10:00
356,0.4488365948200226,0,2023-07-17 07:25:00
357,0.4498717486858368,0,2023-07-17 07:40:00
358,0.15165676176548004,0,2023-07-17 07:55:00
359,0.5494590997695923,0,2023-07-17 08:10:00
360,0.37532541155815125,0,2023-07-17 08:25:00
361,0.5880307555198669,0,2023-07-17 08:40:00
362,0.4940047860145569,0,2023-07-17 08:55:00
363,0.42247438430786133,0,2023-07-17 09:10:00
364,0.45369863510131836,0,2023-07-17 09:25:00
365,0.4734969139099121,0,2023-07-17 09:40:00
366,0.3986091911792755,0,2023-07-17 09:55:00
367,0.12831103801727295,0,2023-07-17 10:10:00
368,0.22083216905593872,0,2023-07-17 10:25:00
369,0.7393592596054077,0,2023-07-17 10:40:00
370,0.45091819763183594,0,2023-07-17 10:55:00
371,0.721705973148346,0,2023-07-17 11:10:00
372,0.6150467991828918,0,2023-07-17 11:25:00
373,0.3599357008934021,0,2023-07-17 11:40:00
374,0.49950405955314636,0,2023-07-17 11:55:00
375,0.3612080514431,0,2023-07-17 12:10:00
376,0.6121311783790588,0,2023-07-17 12:25:00
377,0.4617639183998108,0,2023-07-17 12:40:00
378,0.2765956521034241,0,2023-07-17 12:55:00
379,0.4277607798576355,0,2023-07-17 13:10:00
380,0.38046249747276306,0,2023-07-17 13:25:00
381,0.52292799949646,0,2023-07-17 13:40:00
382,0.3666733205318451,0,2023-07-17 13:55:00
383,-0.48518437147140503,0,2023-07-17 14:10:00
384,-0.9406824111938477,0,2023-07-17 14:25:00
385,-0.9303078055381775,0,2023-07-17 14:40:00
386,-0.9770072102546692,0,2023-07-17 14:55:00
387,-0.8925496935844421,0,2023-07-17 15:10:00
388,-0.9943171739578247,0,2023-07-17 15:25:00
389,-1.158355951309204,0,2023-07-17 15:40:00
390,-1.1613070964813232,0,2023-07-17 15:55:00
391,-1.4251277446746826,0,2023-07-17 16:10:00
392,-1.1947039365768433,0,2023-07-17 16:25:00
393,-1.2144938707351685,0,2023-07-17 16:40:00
394,-1.153703212738037,0,2023-07-17 16:55:00
395,-1.2005470991134644,0,2023-07-17 17:10:00
396,-1.2102676630020142,0,2023-07-17 17:25:00
397,-1.150813341140747,0,2023-07-17 17:40:00
398,-1.0494117736816406,0,2023-07-17 17:55:00
399,-0.8996671438217163,0,2023-07-17 18:10:00
400,-1.0614514350891113,0,2023-07-17 18:25:00
401,-0.4585687518119812,0,2023-07-17 18:40:00
402,0.3534047603607178,0,2023-07-17 18:55:00
403,0.3549565076828003,0,2023-07-17 19:10:00
404,0.5205482840538025,0,2023-07-17 19:25:00
405,0.5032902956008911,0,2023-07-17 19:40:00
406,0.5624262094497681,0,2023-07-17 19:55:00
407,0.4439801871776581,0,2023-07-17 20:10:00
408,0.31155720353126526,0,2023-07-17 20:25:00
409,0.554124653339386,0,2023-07-17 20:40:00
410,0.6332505941390991,0,2023-07-17 20:55:00
411,0.49965596199035645,0,2023-07-17 21:10:00
412,0.5051378011703491,0,2023-07-17 21:25:00
413,0.3650171756744385,0,2023-07-17 21:40:00
414,0.6399643421173096,0,2023-07-17 21:55:00
415,0.3983251750469208,0,2023-07-17 22:10:00
416,0.5561259388923645,0,2023-07-17 22:25:00
417,0.7913678288459778,0,2023-07-17 22:40:00
418,0.48435354232788086,0,2023-07-17 22:55:00
419,0.6385501623153687,0,2023-07-17 23:10:00
420,0.5907155871391296,0,2023-07-17 23:25:00
421,0.8036938905715942,0,2023-07-17 23:40:00
422,0.6648974418640137,0,2023-07-17 23:55:00
423,0.5092480182647705,0,2023-07-18 00:10:00
424,0.5127944946289062,0,2023-07-18 00:25:00
425,0.46900269389152527,0,2023-07-18 00:40:00
426,0.5124938488006592,0,2023-07-18 00:55:00
427,0.3276563584804535,0,2023-07-18 01:10:00
428,0.532177746295929,0,2023-07-18 01:25:00
429,0.49526146054267883,0,2023-07-18 01:40:00
430,0.6303547620773315,0,2023-07-18 01:55:00
431,0.5800661444664001,0,2023-07-18 02:10:00
432,0.49194401502609253,0,2023-07-18 02:25:00
433,0.22631105780601501,0,2023-07-18 02:40:00
434,0.7571538686752319,0,2023-07-18 02:55:00
435,0.6240309476852417,0,2023-07-18 03:10:00
436,0.3064689338207245,0,2023-07-18 03:25:00
437,0.6634204387664795,0,2023-07-18 03:40:00
438,0.8444710373878479,0,2023-07-18 03:55:00
439,0.5533826351165771,0,2023-07-18 04:10:00
440,0.7455485463142395,0,2023-07-18 04:25:00
441,0.5063666105270386,0,2023-07-18 04:40:00
442,0.5147889256477356,0,2023-07-18 04:55:00
443,0.6104251146316528,0,2023-07-18 05:10:00
444,0.4738823175430298,0,2023-07-18 05:25:00
445,0.5860533714294434,0,2023-07-18 05:40:00
446,0.6537318229675293,0,2023-07-18 05:55:00
447,0.3535998463630676,0,2023-07-18 06:10:00
448,0.4438481330871582,0,2023-07-18 06:25:00
449,0.351893812417984,0,2023-07-18 06:40:00
450,0.7132173180580139,0,2023-07-18 06:55:00
451,0.20724499225616455,0,2023-07-18 07:10:00
452,0.44624069333076477,0,2023-07-18 07:25:00
453,0.6037666201591492,0,2023-07-18 07:40:00
454,0.7225081324577332,0,2023-07-18 07:55:00
455,0.6916510462760925,0,2023-07-18 08:10:00
456,0.40638023614883423,0,2023-07-18 08:25:00
457,0.6684603691101074,0,2023-07-18 08:40:00
458,-0.0451638326048851,0,2023-07-18 08:55:00
459,0.2156224399805069,0,2023-07-18 09:10:00
460,0.32058218121528625,0,2023-07-18 09:25:00
461,0.37939873337745667,0,2023-07-18 09:40:00
462,0.5444854497909546,0,2023-07-18 09:55:00
463,0.29308053851127625,0,2023-07-18 10:10:00
464,-0.003284808248281479,0,2023-07-18 10:25:00
465,0.32719936966896057,0,2023-07-18 10:40:00
466,0.1660829335451126,0,2023-07-18 10:55:00
467,-0.5407112240791321,0,2023-07-18 11:10:00
468,-0.43522849678993225,0,2023-07-18 11:25:00
469,0.3485995829105377,0,2023-07-18 11:40:00
470,0.6534440517425537,0,2023-07-18 11:55:00
471,0.5722054839134216,0,2023-07-18 12:10:00
472,0.5608943104743958,0,2023-07-18 12:25:00
473,0.531565248966217,0,2023-07-18 12:40:00
474,0.385036826133728,0,2023-07-18 12:55:00
475,0.6788234710693359,0,2023-07-18 13:10:00
476,0.5297478437423706,0,2023-07-18 13:25:00
477,0.5132142901420593,0,2023-07-18 13:40:00
478,0.4197206199169159,0,2023-07-18 13:55:00
479,0.046281855553388596,0,2023-07-18 14:10:00
480,-0.8350728750228882,0,2023-07-18 14:25:00
481,-1.0357303619384766,0,2023-07-18 14:40:00
482,-0.9636114239692688,0,2023-07-18 14:55:00
483,-0.914749801158905,0,2023-07-18 15:10:00
484,-0.9717333912849426,0,2023-07-18 15:25:00
485,-1.1871378421783447,0,2023-07-18 15:40:00
486,-1.2357720136642456,0,2023-07-18 15:55:00
487,-1.288751482963562,0,2023-07-18 16:10:00
488,-1.3077874183654785,0,2023-07-18 16:25:00
489,-1.3687047958374023,0,2023-07-18 16:40:00
490,-1.2895444631576538,0,2023-07-18 16:55:00
491,-1.2792221307754517,0,2023-07-18 17:10:00
492,-1.2432432174682617,0,2023-07-18 17:25:00
493,-1.276954174041748,0,2023-07-18 17:40:00
494,-1.2970830202102661,0,2023-07-18 17:55:00
495,-1.3122196197509766,0,2023-07-18 18:10:00
496,-1.281556487083435,0,2023-07-18 18:25:00
497,-1.2035006284713745,0,2023-07-18 18:40:00
498,-1.2128206491470337,0,2023-07-18 18:55:00
499,-1.1069772243499756,0,2023-07-18 19:10:00
500,-0.9261449575424194,0,2023-07-18 19:25:00
501,0.25940224528312683,0,2023-07-18 19:40:00
502,0.5736844539642334,0,2023-07-18 19:55:00
503,0.4044654071331024,0,2023-07-18 20:10:00
504,0.42815592885017395,0,2023-07-18 20:25:00
505,0.6335797309875488,0,2023-07-18 20:40:00
506,0.1793173849582672,0,2023-07-18 20:55:00
507,0.5944672226905823,0,2023-07-18 21:10:00
508,0.18736451864242554,0,2023-07-18 21:25:00
509,0.28451380133628845,0,2023-07-18 21:40:00
510,0.6293670535087585,0,2023-07-18 21:55:00
511,0.7439056038856506,0,2023-07-18 22:10:00
512,0.5467610955238342,0,2023-07-18 22:25:00
513,0.6049320101737976,0,2023-07-18 22:40:00
514,0.6880502700805664,0,2023-07-18 22:55:00
515,0.4958157539367676,0,2023-07-18 23:10:00
516,0.5206401944160461,0,2023-07-18 23:25:00
517,0.624721109867096,0,2023-07-18 23:40:00
518,0.7901721000671387,0,2023-07-18 23:55:00
519,0.4689151346683502,0,2023-07-19 00:10:00
520,0.7028438448905945,0,2023-07-19 00:25:00
521,0.7367096543312073,0,2023-07-19 00:40:00
522,0.8385331630706787,0,2023-07-19 00:55:00
523,0.5449998378753662,0,2023-07-19 01:10:00
524,0.8114089965820312,0,2023-07-19 01:25:00
525,0.7559661269187927,0,2023-07-19 01:40:00
526,0.7863689661026001,0,2023-07-19 01:55:00
527,0.5226441621780396,0,2023-07-19 02:10:00
528,0.6296561360359192,0,2023-07-19 02:25:00
529,0.6936132311820984,0,2023-07-19 02:40:00
530,0.40204116702079773,0,2023-07-19 02:55:00
531,0.4490901231765747,0,2023-07-19 03:10:00
532,0.7387065887451172,0,2023-07-19 03:25:00
533,0.6499104499816895,0,2023-07-19 03:40:00
534,0.6392392516136169,0,2023-07-19 03:55:00
535,0.7127681374549866,0,2023-07-19 04:10:00
536,0.5981940627098083,0,2023-07-19 04:25:00
537,0.7651242613792419,0,2023-07-19 04:40:00
538,0.5116474628448486,0,2023-07-19 04:55:00
539,0.36410319805145264,0,2023-07-19 05:10:00
540,0.600156843662262,0,2023-07-19 05:25:00
541,0.4246116876602173,0,2023-07-19 05:40:00
542,0.2241097241640091,0,2023-07-19 05:55:00
543,0.3491544723510742,0,2023-07-19 06:10:00
544,0.42683178186416626,0,2023-07-19 06:25:00
545,0.13262926042079926,0,2023-07-19 06:40:00
546,-0.09463013708591461,0,2023-07-19 06:55:00
547,-0.09062769263982773,0,2023-07-19 07:10:00
548,-0.2719092071056366,0,2023-07-19 07:25:00
549,-0.42373356223106384,0,2023-07-19 07:40:00
550,-0.7960337996482849,0,2023-07-19 07:55:00
551,-0.8754702806472778,0,2023-07-19 08:10:00
552,-0.5198841094970703,0,2023-07-19 08:25:00
553,-0.6573346853256226,0,2023-07-19 08:40:00
554,-0.16402682662010193,0,2023-07-19 08:55:00
555,0.43677282333374023,0,2023-07-19 09:10:00
556,0.17891716957092285,0,2023-07-19 09:25:00
557,-0.6060689091682434,0,2023-07-19 09:40:00
558,-0.6790220737457275,0,2023-07-19 09:55:00
559,-0.6291592717170715,0,2023-07-19 10:10:00
560,-0.8151741027832031,0,2023-07-19 10:25:00
561,-0.8146347403526306,0,2023-07-19 10:40:00
562,-0.6968897581100464,0,2023-07-19 10:55:00
563,-0.6895472407341003,0,2023-07-19 11:10:00
564,-0.8529516458511353,0,2023-07-19 11:25:00
565,-0.7078890204429626,0,2023-07-19 11:40:00
566,-0.6757899522781372,0,2023-07-19 11:55:00
567,-0.9051491618156433,0,2023-07-19 12:10:00
568,-0.3590686023235321,0,2023-07-19 12:25:00
569,0.20709896087646484,0,2023-07-19 12:40:00
570,0.4398230016231537,0,2023-07-19 12:55:00
571,0.533344566822052,0,2023-07-19 13:10:00
572,0.13353975117206573,0,2023-07-19 13:25:00
573,0.567130446434021,0,2023-07-19 13:40:00
574,0.23580238223075867,0,2023-07-19 13:55:00
575,-0.02114914171397686,0,2023-07-19 14:10:00
576,-0.5858106017112732,0,2023-07-19 14:25:00
577,0.3869691491127014,0,2023-07-19 14:40:00
578,-0.03193705901503563,0,2023-07-19 14:55:00
579,-0.8530908823013306,0,2023-07-19 15:10:00
580,-0.9579758048057556,0,2023-07-19 15:25:00
581,-0.8084228038787842,0,2023-07-19 15:40:00
582,-1.1443904638290405,0,2023-07-19 15:55:00
583,-0.9026108980178833,0,2023-07-19 16:10:00
584,-0.9750970602035522,0,2023-07-19 16:25:00
585,-0.9947699904441833,0,2023-07-19 16:40:00
586,-0.9825171828269958,0,2023-07-19 16:55:00
587,-1.0770697593688965,0,2023-07-19 17:10:00
588,-1.1797345876693726,0,2023-07-19 17:25:00
589,-1.1087656021118164,0,2023-07-19 17:40:00
590,-0.9943864345550537,0,2023-07-19 17:55:00
591,-0.9717258214950562,0,2023-07-19 18:10:00
592,-0.7873564958572388,0,2023-07-19 18:25:00
593,-0.4237956404685974,0,2023-07-19 18:40:00
594,0.34460291266441345,0,2023-07-19 18:55:00
595,0.3052862286567688,0,2023-07-19 19:10:00
596,0.4581298530101776,0,2023-07-19 19:25:00
597,0.30216318368911743,0,2023-07-19 19:40:00
598,0.6245629787445068,0,2023-07-19 19:55:00
599,0.5592033863067627,0,2023-07-19 20:10:00
600,0.21805958449840546,0,2023-07-19 20:25:00
601,0.3350304961204529,0,2023-07-19 20:40:00
602,0.021272964775562286,0,2023-07-19 20:55:00
603,-0.6283919215202332,0,2023-07-19 21:10:00
604,-0.6288902759552002,0,2023-07-19 21:25:00
605,-0.6278876066207886,0,2023-07-19 21:40:00
606,0.40272778272628784,0,2023-07-19 21:55:00
607,0.3999687731266022,0,2023-07-19 22:10:00
608,0.5608113408088684,0,2023-07-19 22:25:00
609,0.6039603352546692,0,2023-07-19 22:40:00
610,0.43222734332084656,0,2023-07-19 22:55:00
611,0.6804229021072388,0,2023-07-19 23:10:00
612,0.7481325268745422,0,2023-07-19 23:25:00
613,0.6515451073646545,0,2023-07-19 23:40:00
614,0.7883530855178833,0,2023-07-19 23:55:00
615,0.7313214540481567,0,2023-07-20 00:10:00
616,0.4846149682998657,0,2023-07-20 00:25:00
617,0.19551816582679749,0,2023-07-20 00:40:00
618,0.34794262051582336,1,2023-07-20 00:55:00
619,0.4023880958557129,0,2023-07-20 01:10:00
620,0.5935856699943542,0,2023-07-20 01:25:00
621,0.6946046352386475,0,2023-07-20 01:40:00
622,0.020953867584466934,0,2023-07-20 01:55:00
623,0.34328964352607727,0,2023-07-20 02:10:00
624,0.5526725649833679,0,2023-07-20 02:25:00
625,0.8387357592582703,0,2023-07-20 02:40:00
626,0.6911042928695679,0,2023-07-20 02:55:00
627,0.7945221066474915,0,2023-07-20 03:10:00
628,0.6034930348396301,0,2023-07-20 03:25:00
629,0.7811368703842163,0,2023-07-20 03:40:00
630,0.5546669960021973,0,2023-07-20 03:55:00
631,0.5977219343185425,0,2023-07-20 04:10:00
632,0.85581374168396,0,2023-07-20 04:25:00
633,0.6836369037628174,0,2023-07-20 04:40:00
634,0.7669073939323425,0,2023-07-20 04:55:00
635,0.7034687399864197,0,2023-07-20 05:10:00
636,0.465499609708786,0,2023-07-20 05:25:00
637,0.5651200413703918,0,2023-07-20 05:40:00
638,0.355014443397522,0,2023-07-20 05:55:00
639,0.4952847361564636,0,2023-07-20 06:10:00
640,0.5154582262039185,0,2023-07-20 06:25:00
641,0.2989857494831085,0,2023-07-20 06:40:00
642,0.5260239839553833,0,2023-07-20 06:55:00
643,-0.24342922866344452,0,2023-07-20 07:10:00
644,0.39266058802604675,0,2023-07-20 07:25:00
645,0.5109889507293701,0,2023-07-20 07:40:00
646,0.4396391212940216,0,2023-07-20 07:55:00
647,0.563129723072052,0,2023-07-20 08:10:00
648,0.21310926973819733,0,2023-07-20 08:25:00
649,0.052793148905038834,0,2023-07-20 08:40:00
650,0.3273405432701111,0,2023-07-20 08:55:00
651,0.28411537408828735,0,2023-07-20 09:10:00
652,0.6181313991546631,0,2023-07-20 09:25:00
653,0.4446161389350891,0,2023-07-20 09:40:00
654,0.3574134409427643,0,2023-07-20 09:55:00
655,0.49254268407821655,0,2023-07-20 10:10:00
656,0.20074981451034546,0,2023-07-20 10:25:00
657,0.588874101638794,0,2023-07-20 10:40:00
658,0.6534724235534668,0,2023-07-20 10:55:00
659,0.5345636010169983,0,2023-07-20 11:10:00
660,0.38213685154914856,0,2023-07-20 11:25:00
661,0.33451980352401733,0,2023-07-20 11:40:00
662,0.49689340591430664,0,2023-07-20 11:55:00
663,0.23133325576782227,0,2023-07-20 12:10:00
664,0.503760576248169,0,2023-07-20 12:25:00
665,0.6088553667068481,0,2023-07-20 12:40:00
666,0.17878669500350952,0,2023-07-20 12:55:00
667,0.018332721665501595,0,2023-07-20 13:10:00
668,-0.7334944605827332,0,2023-07-20 13:25:00
669,-0.023212268948554993,0,2023-07-20 13:40:00
670,-0.7898311018943787,0,2023-07-20 13:55:00
671,-1.1051294803619385,0,2023-07-20 14:10:00
672,-1.032727599143982,0,2023-07-20 14:25:00
673,-1.00498628616333,0,2023-07-20 14:40:00
674,-1.0553855895996094,0,2023-07-20 14:55:00
675,-1.0069756507873535,0,2023-07-20 15:10:00
676,-1.0109819173812866,0,2023-07-20 15:25:00
677,-1.037760853767395,0,2023-07-20 15:40:00
678,-0.9947385787963867,0,2023-07-20 15:55:00
679,-1.003031849861145,0,2023-07-20 16:10:00
680,-1.0510272979736328,0,2023-07-20 16:25:00
681,-1.0146344900131226,0,2023-07-20 16:40:00
682,-0.682915985584259,0,2023-07-20 16:55:00
683,-1.4625540971755981,0,2023-07-20 17:10:00
684,-1.249636173248291,0,2023-07-20 17:25:00
685,-1.0806726217269897,0,2023-07-20 17:40:00
686,-1.2012375593185425,0,2023-07-20 17:55:00
687,-1.0479458570480347,0,2023-07-20 18:10:00
688,-1.0092670917510986,0,2023-07-20 18:25:00
689,-0.9759798049926758,0,2023-07-20 18:40:00
690,-0.5019399523735046,0,2023-07-20 18:55:00
691,0.12139469385147095,0,2023-07-20 19:10:00
692,0.32650062441825867,0,2023-07-20 19:25:00
693,0.2510679066181183,0,2023-07-20 19:40:00
694,0.6850454211235046,0,2023-07-20 19:55:00
695,0.1933453232049942,0,2023-07-20 20:10:00
696,0.17266584932804108,0,2023-07-20 20:25:00
697,0.489904522895813,0,2023-07-20 20:40:00
698,0.6641323566436768,0,2023-07-20 20:55:00
699,0.7904890179634094,0,2023-07-20 21:10:00
700,0.5394654870033264,0,2023-07-20 21:25:00
701,0.5283716320991516,0,2023-07-20 21:40:00
702,0.7700523734092712,0,2023-07-20 21:55:00
703,0.5492857098579407,0,2023-07-20 22:10:00
704,0.6122294664382935,0,2023-07-20 22:25:00
705,0.5843919515609741,0,2023-07-20 22:40:00
706,0.4513518810272217,0,2023-07-20 22:55:00
707,0.6163341999053955,0,2023-07-20 23:10:00
708,0.5060661435127258,0,2023-07-20 23:25:00
709,0.605894148349762,0,2023-07-20 23:40:00
710,0.5280851721763611,0,2023-07-20 23:55:00
711,0.3124121427536011,0,2023-07-21 00:10:00
712,0.4478757977485657,0,2023-07-21 00:25:00
713,0.5055692791938782,0,2023-07-21 00:40:00
714,0.41055694222450256,0,2023-07-21 00:55:00
715,0.4994015097618103,0,2023-07-21 01:10:00
716,0.2431209236383438,0,2023-07-21 01:25:00
717,0.5510250329971313,0,2023-07-21 01:40:00
718,0.8142489790916443,0,2023-07-21 01:55:00
719,0.6310421824455261,0,2023-07-21 02:10:00
720,0.8210276365280151,0,2023-07-21 02:25:00
721,0.7006064057350159,0,2023-07-21 02:40:00
722,0.618479311466217,0,2023-07-21 02:55:00
723,0.7862560749053955,0,2023-07-21 03:10:00
724,0.6235678195953369,0,2023-07-21 03:25:00
725,0.6095132231712341,0,2023-07-21 03:40:00
726,0.17935872077941895,0,2023-07-21 03:55:00
727,0.09339043498039246,0,2023-07-21 04:10:00
728,0.35018372535705566,0,2023-07-21 04:25:00
729,0.5205690860748291,0,2023-07-21 04:40:00
730,0.7774185538291931,0,2023-07-21 04:55:00
731,0.49496716260910034,0,2023-07-21 05:10:00
732,0.46722036600112915,0,2023-07-21 05:25:00
733,0.6456547379493713,0,2023-07-21 05:40:00
734,0.2815837264060974,0,2023-07-21 05:55:00
735,0.5624595880508423,0,2023-07-21 06:10:00
736,0.6112126708030701,0,2023-07-21 06:25:00
737,0.4772915840148926,0,2023-07-21 06:40:00
738,0.5082070827484131,0,2023-07-21 06:55:00
739,0.5159003734588623,0,2023-07-21 07:10:00
740,0.47263121604919434,0,2023-07-21 07:25:00
741,0.29518523812294006,0,2023-07-21 07:40:00
742,0.4771748185157776,0,2023-07-21 07:55:00
743,0.24442262947559357,0,2023-07-21 08:10:00
744,0.6640856862068176,0,2023-07-21 08:25:00
745,0.687467098236084,0,2023-07-21 08:40:00
746,0.3601749539375305,0,2023-07-21 08:55:00
747,0.28546142578125,0,2023-07-21 09:10:00
748,0.5094241499900818,0,2023-07-21 09:25:00
749,0.33456218242645264,0,2023-07-21 09:40:00
750,0.5180661678314209,0,2023-07-21 09:55:00
751,0.5252922773361206,0,2023-07-21 10:10:00
752,0.5992857217788696,0,2023-07-21 10:25:00
753,0.6210991144180298,0,2023-07-21 10:40:00
754,0.6701866984367371,0,2023-07-21 10:55:00
755,0.17087411880493164,0,2023-07-21 11:10:00
756,-0.43678271770477295,0,2023-07-21 11:25:00
757,-0.340388685464859,0,2023-07-21 11:40:00
758,0.6277416348457336,0,2023-07-21 11:55:00
759,0.49977412819862366,0,2023-07-21 12:10:00
760,-0.897043764591217,0,2023-07-21 12:25:00
761,-1.11376953125,0,2023-07-21 12:40:00
762,-0.8200697898864746,0,2023-07-21 12:55:00
763,-0.2811299264431,0,2023-07-21 13:10:00
764,0.15180082619190216,0,2023-07-21 13:25:00
765,0.4374586343765259,0,2023-07-21 13:40:00
766,-0.18833473324775696,0,2023-07-21 13:55:00
767,-0.07877840846776962,0,2023-07-21 14:10:00
768,-1.301027536392212,0,2023-07-21 14:25:00
769,-0.8113734126091003,0,2023-07-21 14:40:00
770,-1.0652174949645996,0,2023-07-21 14:55:00
771,-0.8594120740890503,0,2023-07-21 15:10:00
772,-1.1301199197769165,0,2023-07-21 15:25:00
773,-0.9024393558502197,0,2023-07-21 15:40:00
774,-0.9925594925880432,0,2023-07-21 15:55:00
775,-1.334372878074646,0,2023-07-21 16:10:00
776,-1.2887603044509888,0,2023-07-21 16:25:00
777,-1.2094985246658325,0,2023-07-21 16:40:00
778,-1.2211824655532837,0,2023-07-21 16:55:00
779,-1.2040212154388428,0,2023-07-21 17:10:00
780,-1.214774250984192,0,2023-07-21 17:25:00
781,-1.1486504077911377,0,2023-07-21 17:40:00
782,-1.1048238277435303,0,2023-07-21 17:55:00
783,-1.0582188367843628,0,2023-07-21 18:10:00
784,-0.9249265789985657,0,2023-07-21 18:25:00
785,-0.8979719877243042,0,2023-07-21 18:40:00
786,-0.7602408528327942,0,2023-07-21 18:55:00
787,-0.7222018241882324,0,2023-07-21 19:10:00
788,-0.8638718128204346,0,2023-07-21 19:25:00
789,-0.6597221493721008,0,2023-07-21 19:40:00
790,-0.5245126485824585,0,2023-07-21 19:55:00
791,0.45140767097473145,0,2023-07-21 20:10:00
792,0.6206755638122559,0,2023-07-21 20:25:00
793,0.4431478977203369,0,2023-07-21 20:40:00
794,0.7910793423652649,0,2023-07-21 20:55:00
795,0.7494489550590515,0,2023-07-21 21:10:00
796,0.29129093885421753,0,2023-07-21 21:25:00
797,0.5122336745262146,0,2023-07-21 21:40:00
798,0.35746774077415466,0,2023-07-21 21:55:00
799,0.5482938289642334,0,2023-07-21 22:10:00
800,0.6431321501731873,0,2023-07-21 22:25:00
801,0.509178638458252,0,2023-07-21 22:40:00
802,0.6406729221343994,0,2023-07-21 22:55:00
803,0.43307313323020935,0,2023-07-21 23:10:00
804,0.5935112833976746,0,2023-07-21 23:25:00
805,0.8042879104614258,0,2023-07-21 23:40:00
806,0.7726842761039734,0,2023-07-21 23:55:00
807,0.46787843108177185,0,2023-07-22 00:10:00
808,0.2549005150794983,0,2023-07-22 00:25:00
809,0.3391773998737335,0,2023-07-22 00:40:00
810,0.5776709318161011,0,2023-07-22 00:55:00
811,0.8599913716316223,0,2023-07-22 01:10:00
812,0.5978583097457886,0,2023-07-22 01:25:00
813,0.725269079208374,0,2023-07-22 01:40:00
814,0.26315632462501526,0,2023-07-22 01:55:00
815,0.5268873572349548,0,2023-07-22 02:10:00
816,0.31522759795188904,0,2023-07-22 02:25:00
817,0.7168929576873779,0,2023-07-22 02:40:00
818,0.7749369144439697,0,2023-07-22 02:55:00
819,0.6360679268836975,0,2023-07-22 03:10:00
820,0.6549969911575317,0,2023-07-22 03:25:00
821,0.6859564185142517,0,2023-07-22 03:40:00
822,0.570392370223999,0,2023-07-22 03:55:00
823,0.5801976919174194,0,2023-07-22 04:10:00
824,0.6135541796684265,0,2023-07-22 04:25:00
825,0.5187140107154846,0,2023-07-22 04:40:00
826,0.6586883664131165,0,2023-07-22 04:55:00
827,0.5755513310432434,0,2023-07-22 05:10:00
828,0.6165133714675903,0,2023-07-22 05:25:00
829,0.6286069750785828,0,2023-07-22 05:40:00
830,0.5605260133743286,0,2023-07-22 05:55:00
831,0.3864322900772095,0,2023-07-22 06:10:00
832,0.5822471976280212,0,2023-07-22 06:25:00
833,0.4347519278526306,0,2023-07-22 06:40:00
834,0.3193490207195282,0,2023-07-22 06:55:00
835,0.6780741214752197,0,2023-07-22 07:10:00
836,0.4333772361278534,0,2023-07-22 07:25:00
837,0.609504222869873,0,2023-07-22 07:40:00
838,0.5992022752761841,0,2023-07-22 07:55:00
839,0.4804430305957794,0,2023-07-22 08:10:00
840,0.19290553033351898,0,2023-07-22 08:25:00
841,-0.04670914635062218,0,2023-07-22 08:40:00
842,-0.06471148133277893,0,2023-07-22 08:55:00
843,0.3001021444797516,0,2023-07-22 09:10:00
844,0.3113808333873749,0,2023-07-22 09:25:00
845,0.48567119240760803,0,2023-07-22 09:40:00
846,0.48150181770324707,0,2023-07-22 09:55:00
847,0.6797996759414673,0,2023-07-22 10:10:00
848,0.42525649070739746,0,2023-07-22 10:25:00
849,0.43412476778030396,0,2023-07-22 10:40:00
850,0.620269238948822,0,2023-07-22 10:55:00
851,0.594161331653595,0,2023-07-22 11:10:00
852,0.46796154975891113,0,2023-07-22 11:25:00
853,0.7060332894325256,0,2023-07-22 11:40:00
854,0.6714823842048645,0,2023-07-22 11:55:00
855,0.4069916903972626,0,2023-07-22 12:10:00
856,0.18535369634628296,0,2023-07-22 12:25:00
857,0.5196726322174072,0,2023-07-22 12:40:00
858,-0.5604528188705444,0,2023-07-22 12:55:00
859,0.49356597661972046,0,2023-07-22 13:10:00
860,0.3948178291320801,0,2023-07-22 13:25:00
861,0.4114343822002411,0,2023-07-22 13:40:00
862,0.4632987082004547,0,2023-07-22 13:55:00
863,0.253558874130249,0,2023-07-22 14:10:00
864,0.43773043155670166,0,2023-07-22 14:25:00
865,-0.01078862976282835,0,2023-07-22 14:40:00
866,0.12894192337989807,0,2023-07-22 14:55:00
867,0.5762351155281067,0,2023-07-22 15:10:00
868,0.538388729095459,0,2023-07-22 15:25:00
869,0.5333317518234253,0,2023-07-22 15:40:00
870,0.5686964988708496,0,2023-07-22 15:55:00
871,0.17957109212875366,0,2023-07-22 16:10:00
872,0.1295117437839508,0,2023-07-22 16:25:00
873,0.5233383774757385,0,2023-07-22 16:40:00
874,0.489077091217041,0,2023-07-22 16:55:00
875,0.5463370084762573,0,2023-07-22 17:10:00
876,0.17673511803150177,0,2023-07-22 17:25:00
877,-0.5095690488815308,0,2023-07-22 17:40:00
878,-0.22536705434322357,0,2023-07-22 17:55:00
879,0.3840027153491974,0,2023-07-22 18:10:00
880,0.32294318079948425,0,2023-07-22 18:25:00
881,0.22847361862659454,0,2023-07-22 18:40:00
882,0.3550739288330078,0,2023-07-22 18:55:00
883,0.5748255848884583,0,2023-07-22 19:10:00
884,0.5685332417488098,0,2023-07-22 19:25:00
885,0.6918169856071472,0,2023-07-22 19:40:00
886,0.11233501136302948,0,2023-07-22 19:55:00
887,0.5419948101043701,0,2023-07-22 20:10:00
888,0.6710618734359741,0,2023-07-22 20:25:00
889,0.2949252724647522,0,2023-07-22 20:40:00
890,0.5048817992210388,0,2023-07-22 20:55:00
891,0.2854510545730591,0,2023-07-22 21:10:00
892,0.7281768918037415,0,2023-07-22 21:25:00
893,0.5657041668891907,0,2023-07-22 21:40:00
894,0.7217583060264587,0,2023-07-22 21:55:00
895,0.677891731262207,0,2023-07-22 22:10:00
896,0.7011744379997253,0,2023-07-22 22:25:00
897,0.5444328784942627,0,2023-07-22 22:40:00
898,0.16616657376289368,0,2023-07-22 22:55:00
899,0.19125409424304962,0,2023-07-22 23:10:00
900,0.702347457408905,0,2023-07-22 23:25:00
901,0.48255211114883423,0,2023-07-22 23:40:00
902,0.03902895748615265,0,2023-07-22 23:55:00
903,0.553104043006897,0,2023-07-23 00:10:00
904,0.6102992296218872,0,2023-07-23 00:25:00
905,0.5779387354850769,0,2023-07-23 00:40:00
906,0.6854881644248962,0,2023-07-23 00:55:00
907,0.54590904712677,0,2023-07-23 01:10:00
908,0.683033287525177,0,2023-07-23 01:25:00
909,0.4962631165981293,0,2023-07-23 01:40:00
910,0.6922994256019592,0,2023-07-23 01:55:00
911,0.821919322013855,0,2023-07-23 02:10:00
912,0.6722450852394104,0,2023-07-23 02:25:00
913,0.46103790402412415,0,2023-07-23 02:40:00
914,0.6702210307121277,0,2023-07-23 02:55:00
915,0.565753698348999,0,2023-07-23 03:10:00
916,0.6314696073532104,0,2023-07-23 03:25:00
917,0.5964449644088745,0,2023-07-23 03:40:00
918,0.5693275332450867,0,2023-07-23 03:55:00
919,0.5148776769638062,0,2023-07-23 04:10:00
920,0.6036497950553894,0,2023-07-23 04:25:00
921,0.6709505915641785,0,2023-07-23 04:40:00
922,0.704732358455658,0,2023-07-23 04:55:00
923,0.7501034736633301,0,2023-07-23 05:10:00
924,0.2798285186290741,0,2023-07-23 05:25:00
925,0.17731742560863495,0,2023-07-23 05:40:00
926,0.4007946252822876,0,2023-07-23 05:55:00
927,0.5124189257621765,0,2023-07-23 06:10:00
928,0.2394583523273468,0,2023-07-23 06:25:00
929,0.7301751375198364,0,2023-07-23 06:40:00
930,0.6429882645606995,0,2023-07-23 06:55:00
931,0.5169574022293091,0,2023-07-23 07:10:00
932,0.43550726771354675,0,2023-07-23 07:25:00
933,0.2795211970806122,0,2023-07-23 07:40:00
934,0.6766683459281921,0,2023-07-23 07:55:00
935,0.7704347968101501,0,2023-07-23 08:10:00
936,0.5768013596534729,0,2023-07-23 08:25:00
937,0.502709150314331,0,2023-07-23 08:40:00
938,0.4728032350540161,0,2023-07-23 08:55:00
939,0.359769731760025,0,2023-07-23 09:10:00
940,0.42541995644569397,0,2023-07-23 09:25:00
941,0.4455734193325043,0,2023-07-23 09:40:00
942,0.4535160958766937,0,2023-07-23 09:55:00
943,0.37285730242729187,0,2023-07-23 10:10:00
944,0.6417128443717957,0,2023-07-23 10:25:00
945,0.49855414032936096,0,2023-07-23 10:40:00
946,0.32172396779060364,0,2023-07-23 10:55:00
947,0.5510095953941345,0,2023-07-23 11:10:00
948,0.7564253807067871,0,2023-07-23 11:25:00
949,0.5487276911735535,0,2023-07-23 11:40:00
950,0.4695679545402527,0,2023-07-23 11:55:00
951,0.3919595181941986,0,2023-07-23 12:10:00
952,0.5150315165519714,0,2023-07-23 12:25:00
953,0.4098934829235077,0,2023-07-23 12:40:00
954,0.18901275098323822,0,2023-07-23 12:55:00
955,0.14799633622169495,0,2023-07-23 13:10:00
956,0.39051568508148193,0,2023-07-23 13:25:00
957,0.4469913840293884,0,2023-07-23 13:40:00
958,0.34078457951545715,0,2023-07-23 13:55:00
959,0.6628063321113586,0,2023-07-23 14:10:00
960,0.6157882213592529,0,2023-07-23 14:25:00
961,0.4838089048862457,0,2023-07-23 14:40:00
962,0.6020009517669678,0,2023-07-23 14:55:00
963,0.5562179684638977,0,2023-07-23 15:10:00
964,0.5386309623718262,0,2023-07-23 15:25:00
965,0.42045164108276367,0,2023-07-23 15:40:00
966,0.3835522532463074,0,2023-07-23 15:55:00
967,0.19704493880271912,0,2023-07-23 16:10:00
968,0.5763405561447144,0,2023-07-23 16:25:00
969,0.3447439968585968,0,2023-07-23 16:40:00
970,0.2514091730117798,0,2023-07-23 16:55:00
971,0.3706333339214325,0,2023-07-23 17:10:00
972,0.702548623085022,0,2023-07-23 17:25:00
973,0.46569210290908813,0,2023-07-23 17:40:00
974,0.49039551615715027,0,2023-07-23 17:55:00
975,0.08631986379623413,0,2023-07-23 18:10:00
976,0.3342868983745575,0,2023-07-23 18:25:00
977,0.5475711226463318,0,2023-07-23 18:40:00
978,0.6191678643226624,0,2023-07-23 18:55:00
979,0.49419188499450684,0,2023-07-23 19:10:00
980,0.5698918104171753,0,2023-07-23 19:25:00
981,0.5623624324798584,0,2023-07-23 19:40:00
982,0.5028608441352844,0,2023-07-23 19:55:00
983,0.5851423144340515,0,2023-07-23 20:10:00
984,0.4196275472640991,0,2023-07-23 20:25:00
985,0.4429466426372528,0,2023-07-23 20:40:00
986,0.4343971610069275,0,2023-07-23 20:55:00
987,0.642136812210083,0,2023-07-23 21:10:00
988,0.6891084313392639,0,2023-07-23 21:25:00
989,0.36939966678619385,0,2023-07-23 21:40:00
990,0.5785357356071472,0,2023-07-23 21:55:00
991,0.6564812064170837,0,2023-07-23 22:10:00
992,0.5677764415740967,0,2023-07-23 22:25:00
993,0.2794254720211029,0,2023-07-23 22:40:00
994,0.39594653248786926,0,2023-07-23 22:55:00
995,0.6613414883613586,0,2023-07-23 23:10:00
996,0.7846444249153137,0,2023-07-23 23:25:00
997,0.8877974152565002,0,2023-07-23 23:40:00
998,0.5761162042617798,0,2023-07-23 23:55:00
999,0.5130747556686401,0,2023-07-24 00:10:00
1000,0.6051059365272522,0,2023-07-24 00:25:00
1001,0.6624709367752075,0,2023-07-24 00:40:00
1002,0.6209696531295776,0,2023-07-24 00:55:00
1003,0.463665634393692,0,2023-07-24 01:10:00
1004,0.7696318626403809,0,2023-07-24 01:25:00
1005,0.5382866859436035,0,2023-07-24 01:40:00
1006,-0.0347735658288002,0,2023-07-24 01:55:00
1007,0.4039364755153656,0,2023-07-24 02:10:00
1008,0.5044474601745605,0,2023-07-24 02:25:00
1009,0.6662687063217163,0,2023-07-24 02:40:00
1010,0.8688108325004578,0,2023-07-24 02:55:00
1011,0.37002214789390564,0,2023-07-24 03:10:00
1012,0.21777760982513428,0,2023-07-24 03:25:00
1013,0.18921169638633728,0,2023-07-24 03:40:00
1014,0.54851895570755,0,2023-07-24 03:55:00
1015,0.6290633678436279,0,2023-07-24 04:10:00
1016,0.6379247307777405,0,2023-07-24 04:25:00
1017,0.5845000743865967,0,2023-07-24 04:40:00
1018,0.5237946510314941,0,2023-07-24 04:55:00
1019,0.5513573884963989,0,2023-07-24 05:10:00
1020,0.41272032260894775,0,2023-07-24 05:25:00
1021,0.6068914532661438,0,2023-07-24 05:40:00
1022,0.5031264424324036,0,2023-07-24 05:55:00
1023,0.5460065603256226,0,2023-07-24 06:10:00
1024,0.4441477060317993,0,2023-07-24 06:25:00
1025,0.14210329949855804,0,2023-07-24 06:40:00
1026,0.01574215106666088,0,2023-07-24 06:55:00
1027,0.33714601397514343,0,2023-07-24 07:10:00
1028,0.6506739854812622,0,2023-07-24 07:25:00
1029,0.5289269089698792,0,2023-07-24 07:40:00
1030,0.04756506532430649,0,2023-07-24 07:55:00
1031,0.5460130572319031,0,2023-07-24 08:10:00
1032,0.3744009733200073,0,2023-07-24 08:25:00
1033,0.5694734454154968,0,2023-07-24 08:40:00
1034,0.43020227551460266,0,2023-07-24 08:55:00
1035,0.5580418109893799,0,2023-07-24 09:10:00
1036,0.6791239976882935,0,2023-07-24 09:25:00
1037,0.41686853766441345,0,2023-07-24 09:40:00
1038,0.466148316860199,0,2023-07-24 09:55:00
1039,0.5027458071708679,0,2023-07-24 10:10:00
1040,0.6301910281181335,0,2023-07-24 10:25:00
1041,0.5308660268783569,0,2023-07-24 10:40:00
1042,0.5793697237968445,0,2023-07-24 10:55:00
1043,0.35238343477249146,0,2023-07-24 11:10:00
1044,0.6713447570800781,0,2023-07-24 11:25:00
1045,0.3900628685951233,0,2023-07-24 11:40:00
1046,0.47851285338401794,0,2023-07-24 11:55:00
1047,0.5269173383712769,0,2023-07-24 12:10:00
1048,0.47059518098831177,0,2023-07-24 12:25:00
1049,0.4214961528778076,0,2023-07-24 12:40:00
1050,-0.010708105750381947,0,2023-07-24 12:55:00
1051,0.39300909638404846,0,2023-07-24 13:10:00
1052,0.5846524834632874,0,2023-07-24 13:25:00
1053,0.24817778170108795,0,2023-07-24 13:40:00
1054,0.3586672246456146,0,2023-07-24 13:55:00
1055,0.3702715039253235,0,2023-07-24 14:10:00
1056,0.5053190588951111,0,2023-07-24 14:25:00
1057,0.23525607585906982,0,2023-07-24 14:40:00
1058,-0.10561170428991318,0,2023-07-24 14:55:00
1059,0.26581522822380066,0,2023-07-24 15:10:00
1060,-0.6267708539962769,0,2023-07-24 15:25:00
1061,-1.1580885648727417,0,2023-07-24 15:40:00
1062,-1.1803276538848877,0,2023-07-24 15:55:00
1063,-1.4650745391845703,0,2023-07-24 16:10:00
1064,-1.232598900794983,0,2023-07-24 16:25:00
1065,-1.1595317125320435,0,2023-07-24 16:40:00
1066,-1.2172828912734985,0,2023-07-24 16:55:00
1067,-1.2235283851623535,0,2023-07-24 17:10:00
1068,-1.2075254917144775,0,2023-07-24 17:25:00
1069,-0.9691286683082581,0,2023-07-24 17:40:00
1070,-0.9138497114181519,0,2023-07-24 17:55:00
1071,-0.9747768640518188,0,2023-07-24 18:10:00
1072,-1.0613234043121338,0,2023-07-24 18:25:00
1073,-1.0197408199310303,0,2023-07-24 18:40:00
1074,-0.2612869143486023,0,2023-07-24 18:55:00
1075,-0.17981559038162231,0,2023-07-24 19:10:00
1076,-0.0225569736212492,0,2023-07-24 19:25:00
1077,0.07177498191595078,0,2023-07-24 19:40:00
1078,-0.28979259729385376,0,2023-07-24 19:55:00
1079,-0.3332991600036621,0,2023-07-24 20:10:00
1080,-0.09798075258731842,0,2023-07-24 20:25:00
1081,0.13512814044952393,0,2023-07-24 20:40:00
1082,0.6061058640480042,0,2023-07-24 20:55:00
1083,0.4155351519584656,0,2023-07-24 21:10:00
1084,0.5632995963096619,0,2023-07-24 21:25:00
1085,0.45798102021217346,0,2023-07-24 21:40:00
1086,0.5051984190940857,0,2023-07-24 21:55:00
1087,0.5991801619529724,0,2023-07-24 22:10:00
1088,0.5029302835464478,0,2023-07-24 22:25:00
1089,0.5646633505821228,0,2023-07-24 22:40:00
1090,0.7285179495811462,0,2023-07-24 22:55:00
1091,0.5721362233161926,0,2023-07-24 23:10:00
1092,0.7403883934020996,0,2023-07-24 23:25:00
1093,0.33583956956863403,0,2023-07-24 23:40:00
1094,0.5775092840194702,0,2023-07-24 23:55:00
1095,0.3667708933353424,0,2023-07-25 00:10:00
1096,0.37576809525489807,0,2023-07-25 00:25:00
1097,0.3148341774940491,0,2023-07-25 00:40:00
1098,0.22783508896827698,0,2023-07-25 00:55:00
1099,0.8245141506195068,0,2023-07-25 01:10:00
1100,0.5341428518295288,0,2023-07-25 01:25:00
1101,0.6000266075134277,0,2023-07-25 01:40:00
1102,0.7560722827911377,0,2023-07-25 01:55:00
1103,0.5892614126205444,0,2023-07-25 02:10:00
1104,0.7363801598548889,0,2023-07-25 02:25:00
1105,0.44365039467811584,0,2023-07-25 02:40:00
1106,0.4500684440135956,0,2023-07-25 02:55:00
1107,0.6969837546348572,0,2023-07-25 03:10:00
1108,0.6790849566459656,0,2023-07-25 03:25:00
1109,0.6916210651397705,0,2023-07-25 03:40:00
1110,0.5847211480140686,0,2023-07-25 03:55:00
1111,0.8047137260437012,0,2023-07-25 04:10:00
1112,0.6969908475875854,0,2023-07-25 04:25:00
1113,0.3588489592075348,0,2023-07-25 04:40:00
1114,0.24100524187088013,0,2023-07-25 04:55:00
1115,0.6886372566223145,0,2023-07-25 05:10:00
1116,0.5683566927909851,0,2023-07-25 05:25:00
1117,0.5694836974143982,0,2023-07-25 05:40:00
1118,0.46657422184944153,0,2023-07-25 05:55:00
1119,0.515821099281311,0,2023-07-25 06:10:00
1120,0.4443325400352478,0,2023-07-25 06:25:00
1121,0.709650993347168,0,2023-07-25 06:40:00
1122,0.634894847869873,0,2023-07-25 06:55:00
1123,0.3165770471096039,0,2023-07-25 07:10:00
1124,0.34525665640830994,0,2023-07-25 07:25:00
1125,0.5193800926208496,0,2023-07-25 07:40:00
1126,0.45785388350486755,0,2023-07-25 07:55:00
1127,0.5788683295249939,0,2023-07-25 08:10:00
1128,0.4322023093700409,0,2023-07-25 08:25:00
1129,0.7188851833343506,0,2023-07-25 08:40:00
1130,0.6272687315940857,0,2023-07-25 08:55:00
1131,0.03252001851797104,0,2023-07-25 09:10:00
1132,0.09576087445020676,0,2023-07-25 09:25:00
1133,0.3226153254508972,0,2023-07-25 09:40:00
1134,0.37533432245254517,0,2023-07-25 09:55:00
1135,0.44769319891929626,0,2023-07-25 10:10:00
1136,0.07249348610639572,0,2023-07-25 10:25:00
1137,0.5679154992103577,0,2023-07-25 10:40:00
1138,0.5934498310089111,0,2023-07-25 10:55:00
1139,0.522585391998291,0,2023-07-25 11:10:00
1140,0.4526815116405487,0,2023-07-25 11:25:00
1141,0.5616730451583862,0,2023-07-25 11:40:00
1142,0.5805584788322449,0,2023-07-25 11:55:00
1143,0.5011000037193298,0,2023-07-25 12:10:00
1144,0.34821775555610657,0,2023-07-25 12:25:00
1145,0.38759729266166687,0,2023-07-25 12:40:00
1146,0.22378216683864594,0,2023-07-25 12:55:00
1147,0.19766297936439514,0,2023-07-25 13:10:00
1148,0.6433929800987244,0,2023-07-25 13:25:00
1149,0.40896308422088623,0,2023-07-25 13:40:00
1150,0.33696550130844116,0,2023-07-25 13:55:00
1151,0.7930968403816223,0,2023-07-25 14:10:00
1152,-0.12125825136899948,0,2023-07-25 14:25:00
1153,-0.8353932499885559,0,2023-07-25 14:40:00
1154,-0.9142267107963562,0,2023-07-25 14:55:00
1155,-0.9542590379714966,0,2023-07-25 15:10:00
1156,-0.9263884425163269,0,2023-07-25 15:25:00
1157,-0.9916073083877563,0,2023-07-25 15:40:00
1158,-0.9339235424995422,0,2023-07-25 15:55:00
1159,-1.3214819431304932,0,2023-07-25 16:10:00
1160,-1.428987741470337,0,2023-07-25 16:25:00
1161,-1.1805219650268555,0,2023-07-25 16:40:00
1162,-1.4105454683303833,0,2023-07-25 16:55:00
1163,-1.4789406061172485,0,2023-07-25 17:10:00
1164,-1.4107239246368408,0,2023-07-25 17:25:00
1165,-1.3873205184936523,0,2023-07-25 17:40:00
1166,-1.3557778596878052,0,2023-07-25 17:55:00
1167,-1.3313103914260864,0,2023-07-25 18:10:00
1168,-1.3266860246658325,0,2023-07-25 18:25:00
1169,-1.5107405185699463,0,2023-07-25 18:40:00
1170,-1.377670407295227,0,2023-07-25 18:55:00
1171,-1.201202154159546,0,2023-07-25 19:10:00
1172,-1.0939608812332153,0,2023-07-25 19:25:00
1173,-1.172263503074646,0,2023-07-25 19:40:00
1174,-1.057628870010376,0,2023-07-25 19:55:00
1175,-1.0371520519256592,0,2023-07-25 20:10:00
1176,-1.1481027603149414,0,2023-07-25 20:25:00
1177,0.13350006937980652,0,2023-07-25 20:40:00
1178,0.5593676567077637,0,2023-07-25 20:55:00
1179,0.5528768301010132,0,2023-07-25 21:10:00
1180,0.566650927066803,0,2023-07-25 21:25:00
1181,0.5771746039390564,1,2023-07-25 21:40:00
1182,0.6051095724105835,0,2023-07-25 21:55:00
1183,0.4214521050453186,0,2023-07-25 22:10:00
1184,0.4609191119670868,0,2023-07-25 22:25:00
1185,0.5391982197761536,0,2023-07-25 22:40:00
1186,0.3736756145954132,0,2023-07-25 22:55:00
1187,0.1523529440164566,0,2023-07-25 23:10:00
1188,0.18335145711898804,0,2023-07-25 23:25:00
1189,0.378569632768631,0,2023-07-25 23:40:00
1190,0.48231473565101624,0,2023-07-25 23:55:00
1191,0.5782483220100403,0,2023-07-26 00:10:00
1192,0.24015110731124878,0,2023-07-26 00:25:00
1193,0.6435166597366333,0,2023-07-26 00:40:00
1194,0.5876661539077759,0,2023-07-26 00:55:00
1195,0.6870888471603394,0,2023-07-26 01:10:00
1196,0.6845157146453857,0,2023-07-26 01:25:00
1197,0.7399131059646606,0,2023-07-26 01:40:00
1198,0.6448222994804382,0,2023-07-26 01:55:00
1199,0.6288794875144958,0,2023-07-26 02:10:00
1200,0.7652403116226196,0,2023-07-26 02:25:00
1201,0.8071089386940002,0,2023-07-26 02:40:00
1202,0.6266213059425354,0,2023-07-26 02:55:00
1203,0.7582094669342041,0,2023-07-26 03:10:00
1204,0.6005635261535645,0,2023-07-26 03:25:00
1205,0.6651349663734436,0,2023-07-26 03:40:00
1206,0.7656780481338501,0,2023-07-26 03:55:00
1207,0.7209146022796631,0,2023-07-26 04:10:00
1208,0.6721864342689514,0,2023-07-26 04:25:00
1209,0.6869092583656311,0,2023-07-26 04:40:00
1210,0.5093570947647095,0,2023-07-26 04:55:00
1211,0.010632619261741638,0,2023-07-26 05:10:00
1212,0.5711162686347961,0,2023-07-26 05:25:00
1213,0.5690067410469055,0,2023-07-26 05:40:00
1214,0.5864177346229553,0,2023-07-26 05:55:00
1215,0.19509239494800568,0,2023-07-26 06:10:00
1216,0.5479234457015991,0,2023-07-26 06:25:00
1217,0.34066659212112427,0,2023-07-26 06:40:00
1218,0.43983832001686096,0,2023-07-26 06:55:00
1219,0.5841189026832581,0,2023-07-26 07:10:00
1220,0.27987751364707947,0,2023-07-26 07:25:00
1221,0.44620320200920105,0,2023-07-26 07:40:00
1222,0.49332550168037415,0,2023-07-26 07:55:00
1223,0.6180158257484436,0,2023-07-26 08:10:00
1224,0.1609996259212494,0,2023-07-26 08:25:00
1225,0.4711422920227051,0,2023-07-26 08:40:00
1226,0.41001251339912415,0,2023-07-26 08:55:00
1227,0.5212226510047913,0,2023-07-26 09:10:00
1228,0.47861412167549133,0,2023-07-26 09:25:00
1229,0.2648567259311676,0,2023-07-26 09:40:00
1230,0.6669935584068298,0,2023-07-26 09:55:00
1231,0.5270249843597412,0,2023-07-26 10:10:00
1232,0.6000568866729736,0,2023-07-26 10:25:00
1233,0.4394829571247101,0,2023-07-26 10:40:00
1234,0.4239597022533417,0,2023-07-26 10:55:00
1235,0.6104430556297302,0,2023-07-26 11:10:00
1236,0.5272938013076782,0,2023-07-26 11:25:00
1237,0.38577717542648315,1,2023-07-26 11:40:00
1238,0.29255473613739014,0,2023-07-26 11:55:00
1239,0.23425742983818054,0,2023-07-26 12:10:00
1240,0.4986739158630371,0,2023-07-26 12:25:00
1241,0.6073022484779358,0,2023-07-26 12:40:00
1242,0.3738582730293274,0,2023-07-26 12:55:00
1243,0.5014470219612122,0,2023-07-26 13:10:00
1244,0.4948410093784332,0,2023-07-26 13:25:00
1245,0.500231921672821,0,2023-07-26 13:40:00
1246,0.3845922350883484,0,2023-07-26 13:55:00
1247,-0.09219246357679367,0,2023-07-26 14:10:00
1248,-0.6539521813392639,0,2023-07-26 14:25:00
1249,-1.0159028768539429,0,2023-07-26 14:40:00
1250,-0.9385527968406677,0,2023-07-26 14:55:00
1251,-0.9445022940635681,0,2023-07-26 15:10:00
1252,-0.9108631014823914,0,2023-07-26 15:25:00
1253,-1.244795799255371,0,2023-07-26 15:40:00
1254,-1.390118956565857,0,2023-07-26 15:55:00
1255,-1.132318377494812,0,2023-07-26 16:10:00
1256,-1.1853605508804321,0,2023-07-26 16:25:00
1257,-1.1685885190963745,0,2023-07-26 16:40:00
1258,-1.1777509450912476,0,2023-07-26 16:55:00
1259,-1.230276346206665,0,2023-07-26 17:10:00
1260,-1.2088207006454468,0,2023-07-26 17:25:00
1261,-1.2005493640899658,0,2023-07-26 17:40:00
1262,-1.1512866020202637,0,2023-07-26 17:55:00
1263,-1.134656548500061,0,2023-07-26 18:10:00
1264,-1.1157375574111938,0,2023-07-26 18:25:00
1265,-0.9231510758399963,0,2023-07-26 18:40:00
1266,-1.3315013647079468,0,2023-07-26 18:55:00
1267,-0.8727232813835144,0,2023-07-26 19:10:00
1268,-0.9729427099227905,0,2023-07-26 19:25:00
1269,-1.3856431245803833,0,2023-07-26 19:40:00
1270,-1.2748935222625732,0,2023-07-26 19:55:00
1271,-2.4654316902160645,0,2023-07-26 20:10:00
1272,-1.3962982892990112,0,2023-07-26 20:25:00
1273,-1.4163000583648682,0,2023-07-26 20:40:00
1274,-1.0146539211273193,0,2023-07-26 20:55:00
1275,-0.7682520747184753,0,2023-07-26 21:10:00
1276,-0.5801970362663269,0,2023-07-26 21:25:00
1277,0.46864187717437744,0,2023-07-26 21:40:00
1278,0.6914618015289307,0,2023-07-26 21:55:00
1279,0.6208473443984985,0,2023-07-26 22:10:00
1280,0.46087315678596497,0,2023-07-26 22:25:00
1281,0.6395200490951538,0,2023-07-26 22:40:00
1282,0.5816923975944519,0,2023-07-26 22:55:00
1283,0.5618669390678406,0,2023-07-26 23:10:00
1284,0.4874928593635559,0,2023-07-26 23:25:00
1285,0.49401775002479553,0,2023-07-26 23:40:00
1286,0.33978593349456787,0,2023-07-26 23:55:00
1287,0.7070423364639282,0,2023-07-27 00:10:00
1288,0.5953527092933655,0,2023-07-27 00:25:00
1289,0.6275026202201843,1,2023-07-27 00:40:00
1290,0.7372633814811707,0,2023-07-27 00:55:00
1291,0.59772127866745,0,2023-07-27 01:10:00
1292,0.6569094657897949,0,2023-07-27 01:25:00
1293,0.5723851323127747,0,2023-07-27 01:40:00
1294,0.7814093828201294,0,2023-07-27 01:55:00
1295,0.7604588866233826,0,2023-07-27 02:10:00
1296,0.7553127408027649,0,2023-07-27 02:25:00
1297,0.8551301956176758,0,2023-07-27 02:40:00
1298,0.8222382068634033,0,2023-07-27 02:55:00
1299,0.7575758099555969,0,2023-07-27 03:10:00
1300,0.68133944272995,0,2023-07-27 03:25:00
1301,0.7357789874076843,0,2023-07-27 03:40:00
1302,0.7846260666847229,0,2023-07-27 03:55:00
1303,0.6541958451271057,0,2023-07-27 04:10:00
1304,0.7675547003746033,0,2023-07-27 04:25:00
1305,0.6291512846946716,0,2023-07-27 04:40:00
1306,0.5467916131019592,0,2023-07-27 04:55:00
1307,0.4593825936317444,0,2023-07-27 05:10:00
1308,0.20518282055854797,0,2023-07-27 05:25:00
1309,0.3160192370414734,0,2023-07-27 05:40:00
1310,0.27342504262924194,0,2023-07-27 05:55:00
1311,0.4355357587337494,0,2023-07-27 06:10:00
1312,0.5297510623931885,0,2023-07-27 06:25:00
1313,0.6124422550201416,0,2023-07-27 06:40:00
1314,0.4425295889377594,0,2023-07-27 06:55:00
1315,0.24178071320056915,0,2023-07-27 07:10:00
1316,0.36554667353630066,0,2023-07-27 07:25:00
1317,0.41215452551841736,0,2023-07-27 07:40:00
1318,0.45062002539634705,0,2023-07-27 07:55:00
1319,0.550429105758667,0,2023-07-27 08:10:00
1320,0.2042090892791748,0,2023-07-27 08:25:00
1321,0.492824524641037,0,2023-07-27 08:40:00
1322,0.574312686920166,0,2023-07-27 08:55:00
1323,0.708521842956543,0,2023-07-27 09:10:00
1324,0.330269992351532,0,2023-07-27 09:25:00
1325,0.4815867245197296,0,2023-07-27 09:40:00
1326,0.5190182328224182,0,2023-07-27 09:55:00
1327,0.3061825633049011,0,2023-07-27 10:10:00
1328,0.2403709888458252,0,2023-07-27 10:25:00
1329,0.6715310215950012,0,2023-07-27 10:40:00
1330,0.4834456443786621,0,2023-07-27 10:55:00
1331,0.26602548360824585,0,2023-07-27 11:10:00
1332,0.25362318754196167,0,2023-07-27 11:25:00
1333,0.2542803883552551,0,2023-07-27 11:40:00
1334,0.5466658473014832,0,2023-07-27 11:55:00
1335,0.44439980387687683,0,2023-07-27 12:10:00
1336,0.39286577701568604,0,2023-07-27 12:25:00
1337,0.5896331071853638,0,2023-07-27 12:40:00
1338,0.49800899624824524,0,2023-07-27 12:55:00
1339,0.4135133922100067,0,2023-07-27 13:10:00
1340,0.4568263292312622,0,2023-07-27 13:25:00
1341,0.2114942967891693,0,2023-07-27 13:40:00
1342,0.4351968765258789,0,2023-07-27 13:55:00
1343,0.4244229197502136,0,2023-07-27 14:10:00
1344,0.12840160727500916,0,2023-07-27 14:25:00
1345,-0.0198663342744112,0,2023-07-27 14:40:00
1346,-0.44055819511413574,0,2023-07-27 14:55:00
1347,-1.1827667951583862,0,2023-07-27 15:10:00
1348,-0.9541387557983398,0,2023-07-27 15:25:00
1349,-0.9514539837837219,0,2023-07-27 15:40:00
1350,-1.071215271949768,0,2023-07-27 15:55:00
1351,-1.3739749193191528,0,2023-07-27 16:10:00
1352,-1.1942198276519775,0,2023-07-27 16:25:00
1353,-1.269624948501587,0,2023-07-27 16:40:00
1354,-1.3025563955307007,0,2023-07-27 16:55:00
1355,-1.2598308324813843,0,2023-07-27 17:10:00
1356,-1.2161555290222168,0,2023-07-27 17:25:00
1357,-1.1781693696975708,0,2023-07-27 17:40:00
1358,-1.1832780838012695,0,2023-07-27 17:55:00
1359,-1.1597516536712646,0,2023-07-27 18:10:00
1360,-1.0591896772384644,0,2023-07-27 18:25:00
1361,-1.0074572563171387,0,2023-07-27 18:40:00
1362,-0.9809274077415466,0,2023-07-27 18:55:00
1363,-0.7701299786567688,0,2023-07-27 19:10:00
1364,-0.49516192078590393,0,2023-07-27 19:25:00
1365,0.02386421710252762,0,2023-07-27 19:40:00
1366,0.5965014100074768,0,2023-07-27 19:55:00
1367,0.42948025465011597,0,2023-07-27 20:10:00
1368,0.36421287059783936,0,2023-07-27 20:25:00
1369,0.39018112421035767,0,2023-07-27 20:40:00
1370,0.4768578112125397,0,2023-07-27 20:55:00
1371,0.6821392178535461,0,2023-07-27 21:10:00
1372,0.5043104887008667,0,2023-07-27 21:25:00
1373,0.7456717491149902,0,2023-07-27 21:40:00
1374,0.6508345603942871,0,2023-07-27 21:55:00
1375,0.5348361134529114,0,2023-07-27 22:10:00
1376,0.5548709034919739,0,2023-07-27 22:25:00
1377,0.5044142007827759,0,2023-07-27 22:40:00
1378,0.3913605511188507,0,2023-07-27 22:55:00
1379,0.694480299949646,0,2023-07-27 23:10:00
1380,0.5717825889587402,0,2023-07-27 23:25:00
1381,0.3950897455215454,0,2023-07-27 23:40:00
1382,0.5666614174842834,0,2023-07-27 23:55:00
1383,0.6739413142204285,0,2023-07-28 00:10:00
1384,0.45172789692878723,0,2023-07-28 00:25:00
1385,0.4322171211242676,0,2023-07-28 00:40:00
1386,0.6598396301269531,0,2023-07-28 00:55:00
1387,0.7745015621185303,0,2023-07-28 01:10:00
1388,0.6031216979026794,0,2023-07-28 01:25:00
1389,0.6890716552734375,0,2023-07-28 01:40:00
1390,0.7488159537315369,0,2023-07-28 01:55:00
1391,0.7049347162246704,0,2023-07-28 02:10:00
1392,0.6632901430130005,0,2023-07-28 02:25:00
1393,0.6359009146690369,0,2023-07-28 02:40:00
1394,0.8183107972145081,0,2023-07-28 02:55:00
1395,0.6541354656219482,0,2023-07-28 03:10:00
1396,0.5069146156311035,0,2023-07-28 03:25:00
1397,0.3691800534725189,0,2023-07-28 03:40:00
1398,0.7270866632461548,0,2023-07-28 03:55:00
1399,0.7221738696098328,0,2023-07-28 04:10:00
1400,0.5960977077484131,0,2023-07-28 04:25:00
1401,0.44799190759658813,0,2023-07-28 04:40:00
1402,0.45042136311531067,0,2023-07-28 04:55:00
1403,0.5257185101509094,0,2023-07-28 05:10:00
1404,0.21600961685180664,0,2023-07-28 05:25:00
1405,-0.07558245956897736,0,2023-07-28 05:40:00
1406,0.4624992907047272,0,2023-07-28 05:55:00
1407,0.20802873373031616,0,2023-07-28 06:10:00
1408,0.26848432421684265,0,2023-07-28 06:25:00
1409,0.20759305357933044,0,2023-07-28 06:40:00
1410,-0.37017738819122314,0,2023-07-28 06:55:00
1411,0.7081999182701111,0,2023-07-28 07:10:00
1412,0.5511165857315063,0,2023-07-28 07:25:00
1413,0.4147500991821289,0,2023-07-28 07:40:00
1414,0.17390237748622894,0,2023-07-28 07:55:00
1415,0.4328843653202057,0,2023-07-28 08:10:00
1416,0.16544203460216522,0,2023-07-28 08:25:00
1417,0.40482425689697266,0,2023-07-28 08:40:00
1418,0.7014642357826233,0,2023-07-28 08:55:00
1419,0.6194618344306946,0,2023-07-28 09:10:00
1420,0.5254009962081909,0,2023-07-28 09:25:00
1421,0.6714434623718262,0,2023-07-28 09:40:00
1422,0.019022736698389053,0,2023-07-28 09:55:00
1423,0.27434706687927246,0,2023-07-28 10:10:00
1424,0.4781777262687683,0,2023-07-28 10:25:00
1425,0.5469826459884644,0,2023-07-28 10:40:00
1426,0.5928546190261841,0,2023-07-28 10:55:00
1427,-0.06466778367757797,0,2023-07-28 11:10:00
1428,0.3104681074619293,0,2023-07-28 11:25:00
1429,0.3737901747226715,0,2023-07-28 11:40:00
1430,0.6827433705329895,0,2023-07-28 11:55:00
1431,0.15008042752742767,0,2023-07-28 12:10:00
1432,0.5881984829902649,0,2023-07-28 12:25:00
1433,0.044168028980493546,0,2023-07-28 12:40:00
1434,0.47173935174942017,0,2023-07-28 12:55:00
1435,0.3876662254333496,0,2023-07-28 13:10:00
1436,0.5814537405967712,0,2023-07-28 13:25:00
1437,0.30881139636039734,0,2023-07-28 13:40:00
1438,0.16898053884506226,0,2023-07-28 13:55:00
1439,-0.28909510374069214,0,2023-07-28 14:10:00
1440,-0.3364643156528473,0,2023-07-28 14:25:00
1441,-1.735005497932434,0,2023-07-28 14:40:00
1442,-1.5048320293426514,0,2023-07-28 14:55:00
1443,-1.541263461112976,0,2023-07-28 15:10:00
1444,-1.581451654434204,0,2023-07-28 15:25:00
1445,-1.577883005142212,0,2023-07-28 15:40:00
1446,-1.4152599573135376,0,2023-07-28 15:55:00
1447,-1.385786771774292,0,2023-07-28 16:10:00
1448,-1.418879508972168,0,2023-07-28 16:25:00
1449,-1.5442906618118286,0,2023-07-28 16:40:00
1450,-1.552546501159668,0,2023-07-28 16:55:00
1451,-1.4225932359695435,0,2023-07-28 17:10:00
1452,-1.280489444732666,0,2023-07-28 17:25:00
1453,-1.2926284074783325,0,2023-07-28 17:40:00
1454,-1.264198899269104,0,2023-07-28 17:55:00
1455,-1.208217740058899,0,2023-07-28 18:10:00
1456,-1.0775985717773438,0,2023-07-28 18:25:00
1457,-0.959818422794342,0,2023-07-28 18:40:00
1458,-0.48805665969848633,0,2023-07-28 18:55:00
1459,-0.7398911118507385,0,2023-07-28 19:10:00
1460,-0.9231257438659668,0,2023-07-28 19:25:00
1461,-0.7566823363304138,0,2023-07-28 19:40:00
1462,-0.8410729169845581,0,2023-07-28 19:55:00
1463,-0.7595431208610535,0,2023-07-28 20:10:00
1464,-0.7247487902641296,0,2023-07-28 20:25:00
1465,0.4284065067768097,0,2023-07-28 20:40:00
1466,0.44507235288619995,0,2023-07-28 20:55:00
1467,0.6345838904380798,0,2023-07-28 21:10:00
1468,0.7205705642700195,0,2023-07-28 21:25:00
1469,0.6037335991859436,0,2023-07-28 21:40:00
1470,0.7585527896881104,0,2023-07-28 21:55:00
1471,0.4290383458137512,0,2023-07-28 22:10:00
1472,0.6315824389457703,0,2023-07-28 22:25:00
1473,0.3659041225910187,0,2023-07-28 22:40:00
1474,0.674629807472229,0,2023-07-28 22:55:00
1475,0.5782692432403564,0,2023-07-28 23:10:00
1476,0.5475925803184509,0,2023-07-28 23:25:00
1477,0.6918700337409973,0,2023-07-28 23:40:00
1478,0.509604275226593,0,2023-07-28 23:55:00
1479,0.5256874561309814,0,2023-07-29 00:10:00
1480,0.5917023420333862,1,2023-07-29 00:25:00
1481,0.17622894048690796,0,2023-07-29 00:40:00
1482,0.6009420156478882,0,2023-07-29 00:55:00
1483,0.37750181555747986,0,2023-07-29 01:10:00
1484,0.3476063907146454,0,2023-07-29 01:25:00
1485,0.7051059007644653,0,2023-07-29 01:40:00
1486,0.719001829624176,0,2023-07-29 01:55:00
1487,0.5191228985786438,0,2023-07-29 02:10:00
1488,-0.008771443739533424,0,2023-07-29 02:25:00
1489,-0.043270885944366455,0,2023-07-29 02:40:00
1490,0.7930948734283447,0,2023-07-29 02:55:00
1491,0.6505874991416931,0,2023-07-29 03:10:00
1492,0.8076411485671997,0,2023-07-29 03:25:00
1493,0.5801516771316528,0,2023-07-29 03:40:00
1494,0.6140592694282532,0,2023-07-29 03:55:00
1495,0.6822330951690674,0,2023-07-29 04:10:00
1496,0.7308632135391235,0,2023-07-29 04:25:00
1497,0.7802860140800476,0,2023-07-29 04:40:00
1498,0.7966777682304382,0,2023-07-29 04:55:00
1499,0.7113161683082581,0,2023-07-29 05:10:00
1500,0.6188958287239075,0,2023-07-29 05:25:00
1501,0.4929123818874359,0,2023-07-29 05:40:00
1502,0.4126335382461548,0,2023-07-29 05:55:00
1503,0.6262946128845215,0,2023-07-29 06:10:00
1504,0.5088828206062317,0,2023-07-29 06:25:00
1505,0.5590507984161377,0,2023-07-29 06:40:00
1506,0.6291735768318176,0,2023-07-29 06:55:00
1507,0.5339707136154175,0,2023-07-29 07:10:00
1508,0.29100778698921204,0,2023-07-29 07:25:00
1509,0.6549525260925293,0,2023-07-29 07:40:00
1510,0.43396297097206116,0,2023-07-29 07:55:00
1511,0.34985238313674927,0,2023-07-29 08:10:00
1512,0.1587679535150528,0,2023-07-29 08:25:00
1513,0.6129046082496643,0,2023-07-29 08:40:00
1514,0.65127032995224,0,2023-07-29 08:55:00
1515,0.4281265437602997,0,2023-07-29 09:10:00
1516,0.6280146241188049,0,2023-07-29 09:25:00
1517,0.42968496680259705,0,2023-07-29 09:40:00
1518,0.4071813225746155,0,2023-07-29 09:55:00
1519,0.5300374627113342,0,2023-07-29 10:10:00
1520,0.5142277479171753,0,2023-07-29 10:25:00
1521,0.4123607277870178,0,2023-07-29 10:40:00
1522,0.5044963955879211,0,2023-07-29 10:55:00
1523,0.6659436821937561,0,2023-07-29 11:10:00
1524,0.30360159277915955,0,2023-07-29 11:25:00
1525,0.3896934986114502,0,2023-07-29 11:40:00
1526,0.5165579319000244,0,2023-07-29 11:55:00
1527,0.5850398540496826,0,2023-07-29 12:10:00
1528,0.4762994349002838,0,2023-07-29 12:25:00
1529,0.5521702170372009,0,2023-07-29 12:40:00
1530,0.555462658405304,0,2023-07-29 12:55:00
1531,0.421811044216156,0,2023-07-29 13:10:00
1532,0.5297966003417969,0,2023-07-29 13:25:00
1533,-0.39607107639312744,0,2023-07-29 13:40:00
1534,0.056920282542705536,0,2023-07-29 13:55:00
1535,0.3571203649044037,0,2023-07-29 14:10:00
1536,-0.09262073040008545,0,2023-07-29 14:25:00
1537,-0.38900068402290344,0,2023-07-29 14:40:00
1538,0.5626704692840576,0,2023-07-29 14:55:00
1539,0.5032397508621216,0,2023-07-29 15:10:00
1540,0.44311538338661194,0,2023-07-29 15:25:00
1541,0.5242587924003601,0,2023-07-29 15:40:00
1542,0.685334324836731,0,2023-07-29 15:55:00
1543,0.21256659924983978,0,2023-07-29 16:10:00
1544,0.3549248278141022,0,2023-07-29 16:25:00
1545,-0.0732177346944809,0,2023-07-29 16:40:00
1546,0.1381172239780426,0,2023-07-29 16:55:00
1547,-0.8041069507598877,0,2023-07-29 17:10:00
1548,-1.139467477798462,0,2023-07-29 17:25:00
1549,-1.228471279144287,0,2023-07-29 17:40:00
1550,-1.1386381387710571,0,2023-07-29 17:55:00
1551,-1.0975431203842163,0,2023-07-29 18:10:00
1552,-0.030709223821759224,0,2023-07-29 18:25:00
1553,0.22765952348709106,0,2023-07-29 18:40:00
1554,-0.04303918033838272,0,2023-07-29 18:55:00
1555,0.20978625118732452,0,2023-07-29 19:10:00
1556,0.37613996863365173,0,2023-07-29 19:25:00
1557,0.47627633810043335,0,2023-07-29 19:40:00
1558,0.20798146724700928,0,2023-07-29 19:55:00
1559,0.6488487720489502,0,2023-07-29 20:10:00
1560,0.6166921854019165,0,2023-07-29 20:25:00
1561,0.3676758408546448,0,2023-07-29 20:40:00
1562,0.17620356380939484,0,2023-07-29 20:55:00
1563,0.28041473031044006,0,2023-07-29 21:10:00
1564,0.3203258216381073,0,2023-07-29 21:25:00
1565,0.3323880136013031,0,2023-07-29 21:40:00
1566,0.3874761164188385,0,2023-07-29 21:55:00
1567,-0.5550514459609985,0,2023-07-29 22:10:00
1568,-1.0183310508728027,0,2023-07-29 22:25:00
1569,-0.9858051538467407,0,2023-07-29 22:40:00
1570,-1.0487226247787476,0,2023-07-29 22:55:00
1571,-1.0810458660125732,0,2023-07-29 23:10:00
1572,-1.1976481676101685,0,2023-07-29 23:25:00
1573,-0.5795336961746216,0,2023-07-29 23:40:00
1574,-0.26052236557006836,0,2023-07-29 23:55:00
1575,-0.3832913339138031,0,2023-07-30 00:10:00
1576,0.2130385786294937,0,2023-07-30 00:25:00
1577,0.7915058732032776,0,2023-07-30 00:40:00
1578,0.40570104122161865,0,2023-07-30 00:55:00
1579,0.1334780752658844,0,2023-07-30 01:10:00
1580,0.12755702435970306,0,2023-07-30 01:25:00
1581,0.5443496108055115,0,2023-07-30 01:40:00
1582,0.39194735884666443,0,2023-07-30 01:55:00
1583,0.673360288143158,0,2023-07-30 02:10:00
1584,0.6169025897979736,0,2023-07-30 02:25:00
1585,0.5834863781929016,0,2023-07-30 02:40:00
1586,0.4569365382194519,0,2023-07-30 02:55:00
1587,0.32148921489715576,0,2023-07-30 03:10:00
1588,-0.0015349508030340075,0,2023-07-30 03:25:00
1589,0.0863521471619606,0,2023-07-30 03:40:00
1590,0.6869004964828491,1,2023-07-30 03:55:00
1591,0.6759730577468872,0,2023-07-30 04:10:00
1592,0.6108765602111816,0,2023-07-30 04:25:00
1593,0.5831277966499329,0,2023-07-30 04:40:00
1594,0.7476732134819031,0,2023-07-30 04:55:00
1595,0.6557570695877075,0,2023-07-30 05:10:00
1596,0.6342760920524597,0,2023-07-30 05:25:00
1597,0.7298203110694885,0,2023-07-30 05:40:00
1598,0.6523037552833557,0,2023-07-30 05:55:00
1599,0.3378719389438629,0,2023-07-30 06:10:00
1600,0.5021619200706482,0,2023-07-30 06:25:00
1601,0.4746646583080292,0,2023-07-30 06:40:00
1602,0.5284246802330017,0,2023-07-30 06:55:00
1603,0.6778070330619812,0,2023-07-30 07:10:00
1604,0.6959038972854614,0,2023-07-30 07:25:00
1605,0.5229518413543701,0,2023-07-30 07:40:00
1606,0.5302068591117859,0,2023-07-30 07:55:00
1607,0.7534494400024414,0,2023-07-30 08:10:00
1608,0.4990274906158447,0,2023-07-30 08:25:00
1609,0.5244643092155457,0,2023-07-30 08:40:00
1610,0.5534017086029053,0,2023-07-30 08:55:00
1611,0.3920764923095703,0,2023-07-30 09:10:00
1612,0.5553126931190491,0,2023-07-30 09:25:00
1613,0.4206276834011078,0,2023-07-30 09:40:00
1614,0.6437302231788635,0,2023-07-30 09:55:00
1615,0.6760962009429932,0,2023-07-30 10:10:00
1616,0.6763120293617249,0,2023-07-30 10:25:00
1617,0.5279743671417236,0,2023-07-30 10:40:00
1618,0.4811839163303375,0,2023-07-30 10:55:00
1619,0.4863402843475342,0,2023-07-30 11:10:00
1620,0.24483393132686615,0,2023-07-30 11:25:00
1621,0.419516384601593,0,2023-07-30 11:40:00
1622,0.3998869061470032,0,2023-07-30 11:55:00
1623,0.3684697151184082,0,2023-07-30 12:10:00
1624,0.6265196204185486,0,2023-07-30 12:25:00
1625,0.44162288308143616,0,2023-07-30 12:40:00
1626,0.40235579013824463,0,2023-07-30 12:55:00
1627,0.3062814176082611,0,2023-07-30 13:10:00
1628,0.4415014088153839,0,2023-07-30 13:25:00
1629,0.4001511335372925,0,2023-07-30 13:40:00
1630,0.27768605947494507,0,2023-07-30 13:55:00
1631,0.49635374546051025,0,2023-07-30 14:10:00
1632,0.5433034896850586,0,2023-07-30 14:25:00
1633,0.6854819059371948,0,2023-07-30 14:40:00
1634,0.35390129685401917,0,2023-07-30 14:55:00
1635,0.6363749504089355,0,2023-07-30 15:10:00
1636,0.5692629814147949,0,2023-07-30 15:25:00
1637,0.4983189105987549,0,2023-07-30 15:40:00
1638,0.6873735189437866,0,2023-07-30 15:55:00
1639,0.7921633720397949,0,2023-07-30 16:10:00
1640,0.5896239876747131,0,2023-07-30 16:25:00
1641,0.26332974433898926,0,2023-07-30 16:40:00
1642,0.5214547514915466,0,2023-07-30 16:55:00
1643,0.39862117171287537,0,2023-07-30 17:10:00
1644,0.48510685563087463,0,2023-07-30 17:25:00
1645,0.3903977870941162,0,2023-07-30 17:40:00
1646,0.4113544225692749,0,2023-07-30 17:55:00
1647,0.612463653087616,0,2023-07-30 18:10:00
1648,0.5911209583282471,0,2023-07-30 18:25:00
1649,0.2950182259082794,0,2023-07-30 18:40:00
1650,0.5005108714103699,0,2023-07-30 18:55:00
1651,0.5684122443199158,0,2023-07-30 19:10:00
1652,0.5062567591667175,0,2023-07-30 19:25:00
1653,0.6408026814460754,0,2023-07-30 19:40:00
1654,0.5741857886314392,0,2023-07-30 19:55:00
1655,0.6787351369857788,0,2023-07-30 20:10:00
1656,0.471362441778183,0,2023-07-30 20:25:00
1657,0.6337028741836548,0,2023-07-30 20:40:00
1658,0.5365884304046631,0,2023-07-30 20:55:00
1659,0.39962658286094666,0,2023-07-30 21:10:00
1660,0.5375657677650452,0,2023-07-30 21:25:00
1661,0.359723299741745,0,2023-07-30 21:40:00
1662,0.1575603187084198,0,2023-07-30 21:55:00
1663,0.44856709241867065,0,2023-07-30 22:10:00
1664,0.36830928921699524,0,2023-07-30 22:25:00
1665,0.5662032961845398,0,2023-07-30 22:40:00
1666,0.7483372688293457,0,2023-07-30 22:55:00
1667,0.5315718054771423,0,2023-07-30 23:10:00
1668,0.5139628648757935,0,2023-07-30 23:25:00
1669,0.777912437915802,0,2023-07-30 23:40:00
1670,0.6387264728546143,0,2023-07-30 23:55:00
1671,0.3450251519680023,0,2023-07-31 00:10:00
1672,0.5008123517036438,0,2023-07-31 00:25:00
1673,0.23660501837730408,0,2023-07-31 00:40:00
1674,0.16878004372119904,0,2023-07-31 00:55:00
1675,0.3266482353210449,0,2023-07-31 01:10:00
1676,0.5057250261306763,0,2023-07-31 01:25:00
1677,0.5083338022232056,0,2023-07-31 01:40:00
1678,0.4765194058418274,0,2023-07-31 01:55:00
1679,0.5582921504974365,0,2023-07-31 02:10:00
1680,0.11673803627490997,0,2023-07-31 02:25:00
1681,0.3240942060947418,0,2023-07-31 02:40:00
1682,0.5447288155555725,0,2023-07-31 02:55:00
1683,0.6381495594978333,0,2023-07-31 03:10:00
1684,0.5651088953018188,0,2023-07-31 03:25:00
1685,0.7046502828598022,0,2023-07-31 03:40:00
1686,0.49485474824905396,0,2023-07-31 03:55:00
1687,0.745483934879303,0,2023-07-31 04:10:00
1688,0.6875067353248596,0,2023-07-31 04:25:00
1689,0.5132262110710144,0,2023-07-31 04:40:00
1690,0.5095445513725281,0,2023-07-31 04:55:00
1691,0.6556941270828247,0,2023-07-31 05:10:00
1692,0.5300723910331726,0,2023-07-31 05:25:00
1693,0.30211371183395386,0,2023-07-31 05:40:00
1694,0.34532326459884644,0,2023-07-31 05:55:00
1695,0.5464767813682556,0,2023-07-31 06:10:00
1696,0.4790268540382385,0,2023-07-31 06:25:00
1697,0.1611107587814331,0,2023-07-31 06:40:00
1698,0.5443002581596375,0,2023-07-31 06:55:00
1699,0.6869351267814636,0,2023-07-31 07:10:00
1700,0.4740869402885437,0,2023-07-31 07:25:00
1701,0.6049222350120544,0,2023-07-31 07:40:00
1702,0.5391415953636169,0,2023-07-31 07:55:00
1703,0.5346639156341553,0,2023-07-31 08:10:00
1704,0.5375717282295227,0,2023-07-31 08:25:00
1705,0.5573135614395142,0,2023-07-31 08:40:00
1706,0.6359851956367493,0,2023-07-31 08:55:00
1707,0.4512728750705719,0,2023-07-31 09:10:00
1708,0.23795780539512634,0,2023-07-31 09:25:00
1709,0.6070405840873718,0,2023-07-31 09:40:00
1710,0.41857489943504333,0,2023-07-31 09:55:00
1711,0.5069109797477722,0,2023-07-31 10:10:00
1712,0.5492405295372009,0,2023-07-31 10:25:00
1713,0.6361023783683777,0,2023-07-31 10:40:00
1714,0.37991881370544434,0,2023-07-31 10:55:00
1715,0.5271672010421753,0,2023-07-31 11:10:00
1716,0.5877823233604431,0,2023-07-31 11:25:00
1717,0.7084394097328186,0,2023-07-31 11:40:00
1718,0.5404283404350281,0,2023-07-31 11:55:00
1719,0.5084403157234192,0,2023-07-31 12:10:00
1720,0.1577359139919281,0,2023-07-31 12:25:00
1721,0.6091710925102234,0,2023-07-31 12:40:00
1722,0.6041139960289001,0,2023-07-31 12:55:00
1723,0.1999225616455078,0,2023-07-31 13:10:00
1724,0.7448018193244934,0,2023-07-31 13:25:00
1725,0.2915952801704407,0,2023-07-31 13:40:00
1726,0.32962140440940857,0,2023-07-31 13:55:00
1727,0.1353425532579422,0,2023-07-31 14:10:00
1728,0.21759575605392456,0,2023-07-31 14:25:00
1729,-0.0028065445367246866,0,2023-07-31 14:40:00
1730,-0.772727906703949,0,2023-07-31 14:55:00
1731,-0.7920312881469727,0,2023-07-31 15:10:00
1732,-0.8309973478317261,0,2023-07-31 15:25:00
1733,-1.3802658319473267,0,2023-07-31 15:40:00
1734,-1.395123839378357,0,2023-07-31 15:55:00
1735,-1.4226813316345215,0,2023-07-31 16:10:00
1736,-1.323357105255127,0,2023-07-31 16:25:00
1737,-1.2916536331176758,0,2023-07-31 16:40:00
1738,-1.3582062721252441,0,2023-07-31 16:55:00
1739,-1.338326334953308,0,2023-07-31 17:10:00
1740,-1.3968827724456787,0,2023-07-31 17:25:00
1741,-1.3402128219604492,0,2023-07-31 17:40:00
1742,-1.3376293182373047,0,2023-07-31 17:55:00
1743,-1.2676109075546265,0,2023-07-31 18:10:00
1744,-1.2080247402191162,0,2023-07-31 18:25:00
1745,-1.4362379312515259,0,2023-07-31 18:40:00
1746,-1.8709806203842163,0,2023-07-31 18:55:00
1747,-1.2611110210418701,0,2023-07-31 19:10:00
1748,-1.0008959770202637,0,2023-07-31 19:25:00
1749,-0.9742761254310608,0,2023-07-31 19:40:00
1750,-1.229053258895874,0,2023-07-31 19:55:00
1751,-1.3594889640808105,0,2023-07-31 20:10:00
1752,-0.6314942240715027,0,2023-07-31 20:25:00
1753,0.6145212650299072,0,2023-07-31 20:40:00
1754,0.5419506430625916,0,2023-07-31 20:55:00
1755,0.39966776967048645,1,2023-07-31 21:10:00
1756,0.637876033782959,0,2023-07-31 21:25:00
1757,0.3507106602191925,0,2023-07-31 21:40:00
1758,0.4979868233203888,0,2023-07-31 21:55:00
1759,0.46366608142852783,0,2023-07-31 22:10:00
1760,0.4082297086715698,0,2023-07-31 22:25:00
1761,0.6658508777618408,0,2023-07-31 22:40:00
1762,0.6602974534034729,0,2023-07-31 22:55:00
1763,0.6846394538879395,0,2023-07-31 23:10:00
1764,0.7230877876281738,0,2023-07-31 23:25:00
1765,0.595398485660553,0,2023-07-31 23:40:00
